compound_id,smiles,mol_weight,logp,tpsa,num_h_donors,num_h_acceptors,num_rotatable_bonds,num_aromatic_rings,num_rings,num_heavy_atoms,fraction_csp3,molar_refractivity,log_solubility
Amigdalin,OCC3OC(OCC2OC(OC(C#N)c1ccccc1)C(O)C(O)C2O)C(O)C(O)C3O ,457.4320000000001,-3.1080199999999985,202.31999999999996,7,12,7,1,3,32,0.65,102.28160000000003,-0.77
Fenfuram,Cc1occc1C(=O)Nc2ccccc2,201.22500000000002,2.840320000000001,42.24,1,2,2,2,2,15,0.08333333333333333,57.840200000000024,-3.3
citral,CC(C)=CCCC(C)=CC(=O),152.237,2.878000000000001,17.07,0,1,4,0,0,11,0.5,48.48600000000003,-2.06
Picene,c1ccc2c(c1)ccc3c2ccc4c5ccccc5ccc43,278.354,6.299400000000004,0.0,0,0,0,5,5,22,0.0,96.46600000000005,-7.87
Thiophene,c1ccsc1,84.14299999999999,1.7480999999999998,0.0,0,1,0,1,1,5,0.0,24.318999999999996,-1.33
benzothiazole,c2ccc1scnc1c2 ,135.191,2.2962999999999996,12.89,0,2,0,2,2,9,0.0,39.62000000000001,-1.5
"2,2,4,6,6'-PCB",Clc1cc(Cl)c(c(Cl)c1)c2c(Cl)cccc2Cl,326.437,6.620600000000001,0.0,0,0,1,2,2,17,0.0,76.92800000000001,-7.32
Estradiol,CC12CCC3C(CCc4cc(O)ccc34)C2CCC1O,272.388,3.6092000000000026,40.46,2,2,0,1,4,20,0.6666666666666666,78.73060000000004,-5.03
Dieldrin,ClC4=C(Cl)C5(Cl)C3C1CC(C2OC12)C3C4(Cl)C5(Cl)Cl,380.913,4.481400000000002,12.53,0,1,0,0,5,19,0.8333333333333334,77.57500000000003,-6.29
Rotenone,COc5cc4OCC3Oc2c1CC(Oc1ccc2C(=O)C3c4cc5OC)C(C)=C ,394.42300000000023,3.7033000000000023,63.22,0,6,3,2,5,29,0.34782608695652173,105.90450000000006,-4.42
2-pyrrolidone,O=C1CCCN1,85.10600000000001,-0.10360000000000008,29.1,1,1,0,0,1,6,0.75,22.243699999999997,1.07
2-Chloronapthalene,Clc1ccc2ccccc2c1,162.61899999999997,3.4932000000000016,0.0,0,0,0,2,2,11,0.0,48.95800000000002,-4.14
1-Pentene ,CCCC=C,70.135,1.9725,0.0,0,0,2,0,0,5,0.6,25.10499999999999,-2.68
Primidone,CCC1(C(=O)NCNC1=O)c2ccccc2,218.256,0.5378999999999994,58.2,2,2,2,1,2,16,0.3333333333333333,59.56340000000003,-2.64
Tetradecane,CCCCCCCCCCCCCC,198.39399999999995,5.707400000000006,0.0,0,0,11,0,0,14,1.0,66.75200000000007,-7.96
2-Chloropropane,CC(C)Cl,78.542,1.6336,0.0,0,0,0,0,0,4,1.0,20.988999999999994,-1.41
2-Methylbutanol,CCC(C)CO,88.14999999999999,1.0248,20.23,1,1,2,0,0,6,1.0,26.54079999999999,-0.47
Benzonitrile,N#Cc1ccccc1,103.12399999999997,1.5582799999999999,23.79,0,1,0,1,1,8,0.0,31.156999999999996,-1.0
Diazinon,CCOP(=S)(OCC)Oc1cc(C)nc(n1)C(C)C,304.35200000000003,3.5847200000000026,53.47,0,6,7,1,1,19,0.6666666666666666,79.02300000000004,-3.64
2-Undecanol,CCCCCCCCCC(C)O,172.312,3.5079000000000025,20.23,1,1,8,0,0,12,1.0,54.29080000000004,-2.94
"2,2',3,4,6-PCB",Clc1ccc(c(Cl)c1)c2c(Cl)ccc(Cl)c2Cl ,326.437,6.620600000000001,0.0,0,0,1,2,2,17,0.0,76.92800000000003,-7.43
Lenacil,O=c2[nH]c1CCCc1c(=O)n2C3CCCCC3,234.29899999999995,1.5305,54.86,1,2,1,1,3,17,0.6923076923076923,65.46970000000003,-4.593999999999999
Phorate,CCOP(=S)(OCC)SCSCC,260.38599999999997,3.727700000000003,18.46,0,5,8,0,0,13,1.0,68.12700000000004,-4.11
Phenacetin,CCOc1ccc(NC(=O)C)cc1,179.219,2.0437,38.33,1,2,3,1,1,13,0.3,51.914700000000025,-2.35
Dinitramine,CCN(CC)c1c(cc(c(N)c1N(=O)=O)C(F)(F)F)N(=O)=O,322.243,2.9502000000000006,115.54000000000002,1,6,5,1,1,22,0.45454545454545453,72.72619999999999,-5.47
1-Heptanol,CCCCCCCO,116.204,1.9491,20.23,1,1,5,0,0,8,1.0,35.84479999999999,-1.81
Theophylline,Cn1c(=O)n(C)c2nc[nH]c2c1=O,180.16699999999997,-1.039700000000001,72.68,1,3,0,2,2,13,0.2857142857142857,46.57570000000001,-1.39
Butethal,CCCCC1(CC)C(=O)NC(=O)NC1=O,212.249,0.9389999999999998,75.27000000000001,2,3,4,0,1,15,0.7,53.93040000000002,-1.661
"P,P'-DDE",ClC(Cl)=C(c1ccc(Cl)cc1)c2ccc(Cl)cc2,318.0300000000001,6.187900000000003,0.0,0,0,2,2,2,18,0.0,80.63200000000002,-6.9
Methyl octanoate,CCCCCCCC(=O)OC,158.24099999999999,2.5199000000000007,26.3,0,2,6,0,0,11,0.8888888888888888,45.39200000000002,-3.17
"1,4-Diethylbenzene ",CCc1ccc(CC)cc1,134.22199999999998,2.811400000000001,0.0,0,0,2,1,1,10,0.4,45.19800000000003,-3.75
Terbufos,CCOP(=S)(OCC)SCSC(C)(C)C,288.44,4.506300000000004,18.46,0,5,7,0,0,15,1.0,77.33900000000004,-4.755
Phenmedipham,COC(=O)Nc1cccc(OC(=O)Nc2cccc(C)c2)c1,300.314,3.784220000000002,76.66,2,4,3,2,2,22,0.125,83.29540000000003,-4.805
"1,1-Dichloroethylene",ClC(=C)Cl,96.94399999999999,1.9352,0.0,0,0,0,0,0,4,0.0,20.845999999999997,-1.64
1-Methylfluorene,Cc1cccc2c1Cc3ccccc32,180.25000000000003,3.566220000000002,0.0,0,0,0,2,3,14,0.14285714285714285,59.421000000000035,-5.22
Valeraldehyde,CCCCC=O,86.13399999999999,1.3755,17.07,0,1,3,0,0,6,0.8,25.588999999999988,-0.85
Diphenylamine,N(c1ccccc1)c2ccccc2,169.227,3.430200000000002,12.03,1,1,2,2,2,13,0.0,56.16670000000003,-3.5039999999999996
Fenothiocarb,CN(C)C(=O)SCCCCOc1ccccc1,253.367,3.2604000000000024,29.540000000000003,0,3,6,1,1,17,0.46153846153846156,72.71200000000005,-3.927
Piperophos,CCCOP(=S)(OCCC)SCC(=O)N1CCCCC1C,353.4900000000001,4.198300000000004,38.77,0,5,9,0,1,21,0.9285714285714286,94.25500000000005,-4.15
1-Iodoheptane,CCCCCCCI,226.101,3.3918000000000026,0.0,0,0,5,0,0,8,1.0,47.64600000000003,-4.81
3-Chlorobiphenyl,c1c(Cl)cccc1c2ccccc2,188.657,4.007000000000002,0.0,0,0,1,2,2,13,0.0,56.88800000000003,-4.88
4-Pentene-1-ol,OCCCC=C,86.134,0.9449,20.23,1,1,3,0,0,6,0.6,26.51679999999999,-0.15
Cyclobutyl-5-spirobarbituric acid,O=C2NC(=O)C1(CCC1)C(=O)N2,168.15200000000002,-0.4773,75.27,2,3,0,0,2,12,0.5714285714285714,37.96540000000001,-1.655
menthol,CC(C)C1CCC(C)CC1O ,156.269,2.439500000000001,20.23,1,1,1,0,1,11,1.0,47.34980000000002,-2.53
Isopropyl formate,CC(C)OC=O,88.106,0.5678,26.3,0,2,2,0,0,6,0.75,22.284999999999993,-0.63
2-Heptanol ,CCCCCC(C)O,116.20399999999998,1.9475000000000002,20.23,1,1,4,0,0,8,1.0,35.822799999999994,-1.55
p-Bromoacetanilide,CC(=O)Nc1ccc(Br)cc1,214.06199999999998,2.4074999999999998,29.1,1,1,1,1,1,11,0.125,48.445700000000016,-3.083
brompyrazone,c1ccccc1n2ncc(N)c(Br)c2(=O),266.098,1.5771999999999997,60.910000000000004,1,3,1,2,2,15,0.0,61.946400000000004,-3.127
nifedipine,COC(=O)C1=C(C)NC(=C(C1c2ccccc2N(=O)=O)C(=O)OC)C ,346.33900000000017,2.1756,107.77,1,7,4,1,2,25,0.29411764705882354,88.40510000000002,-4.76
"2,7-dimethylquinoline",c2c(C)cc1nc(C)ccc1c2 ,157.216,2.8516400000000006,12.89,0,1,0,2,2,12,0.18181818181818182,51.21700000000002,-1.94
1-Octyne ,CCCCCCC#C,110.19999999999999,2.5900000000000007,0.0,0,0,4,0,0,8,0.75,37.592,-3.66
cyclobarbital,CCC1(C(=O)NC(=O)NC1=O)C2=CCCCC2 ,236.27099999999993,1.2491999999999999,75.27000000000001,2,3,2,0,2,17,0.5833333333333334,60.956400000000016,-2.17
Chrysene,c1ccc2c(c1)ccc3c4ccccc4ccc23,228.29399999999998,5.146200000000003,0.0,0,0,0,4,4,18,0.0,78.96000000000005,-8.057
Bromacil,CCC(C)n1c(=O)[nH]c(C)c(Br)c1=O ,261.11899999999997,1.5785200000000001,54.86,1,2,2,1,1,14,0.5555555555555556,58.76170000000002,-2.523
"2,2',3,3',5,6-PCB",Clc1cccc(c1Cl)c2c(Cl)c(Cl)cc(Cl)c2Cl ,360.88200000000006,7.274000000000001,0.0,0,0,1,2,2,18,0.0,81.938,-8.6
2-Methylphenol,Cc1ccccc1O,108.13999999999999,1.70062,20.23,1,1,0,1,1,8,0.14285714285714285,32.843799999999995,-0.62
"2,2,5-Trimethylhexane",CC(C)CCC(C)(C)C,128.259,3.468700000000003,0.0,0,0,2,0,0,9,1.0,43.52700000000001,-5.05
"1,4-Dimethylnaphthalene ",Cc1ccc(C)c2ccccc12,156.228,3.456640000000002,0.0,0,0,0,2,2,12,0.16666666666666666,53.422000000000025,-4.14
6-Methylchrysene,Cc1cc2c3ccccc3ccc2c4ccccc14,242.321,5.454620000000004,0.0,0,0,0,4,4,19,0.05263157894736842,83.69700000000006,-6.57
2-Pentanone,CCCC(=O)C,86.13399999999999,1.3755,17.07,0,1,2,0,0,6,0.8,25.588999999999988,-0.19
"2,2',3,3',5,5',6,6'-PCB",Clc1cc(Cl)c(Cl)c(c1Cl)c2c(Cl)c(Cl)cc(Cl)c2Cl ,429.77200000000016,8.580799999999998,0.0,0,0,1,2,2,20,0.0,91.95799999999998,-9.15
Methyl butyrate,CCCOC(=O)CC,116.15999999999998,1.3496000000000001,26.3,0,2,3,0,0,8,0.8333333333333334,31.540999999999983,-0.82
Triamcinolone,CC34CC(O)C1(F)C(CCC2=CC(=O)C=CC12C)C3CC(O)C4(O)C(=O)CO,394.43900000000014,0.6204999999999998,115.06000000000002,4,6,2,0,4,28,0.7142857142857143,96.78720000000003,-3.68
p-Aminophenol,Nc1ccc(O)cc1,109.12799999999999,0.9743999999999999,46.25,2,2,0,1,1,8,0.0,32.5192,-0.8
Benznidazole,O=C(Cn1ccnc1N(=O)=O)NCc2ccccc2,260.253,1.1077,90.06,1,4,5,2,2,19,0.16666666666666666,67.17010000000002,-2.81
"Atovaquone(0,430mg/ml) - neutral",OC4=C(C1CCC(CC1)c2ccc(Cl)cc2)C(=O)c3ccccc3C4=O,366.84400000000016,5.505100000000005,54.37,1,3,2,2,4,26,0.2727272727272727,100.90880000000004,-5.931
Trietazine,CCNc1nc(Cl)nc(n1)N(CC)CC,229.71499999999997,1.803,53.940000000000005,1,5,5,1,1,15,0.6666666666666666,62.56170000000003,-4.06
Pyrazinamide,NC(=O)c1cnccn1,123.11499999999998,-0.4245000000000001,68.87,1,3,1,1,1,9,0.0,30.549899999999997,-0.667
Carbromal,CCC(Br)(CC)C(=O)NC(N)=O,237.09699999999998,1.1349999999999998,72.19,2,2,3,0,0,12,0.7142857142857143,49.96610000000002,-2.68
"2,2'-PCB",Clc1ccccc1c2ccccc2Cl ,223.102,4.660400000000002,0.0,0,0,1,2,2,14,0.0,61.898000000000025,-5.27
nitrofurantoin,O=C2CN(N=Cc1ccc(o1)N(=O)=O)C(=O)N2 ,238.15899999999996,0.07349999999999995,118.04999999999998,1,6,3,1,2,17,0.125,53.201100000000004,-3.38
Nitrofen,Clc2ccc(Oc1ccc(cc1)N(=O)=O)c(Cl)c2,284.09799999999996,4.693900000000003,52.37,0,3,3,2,2,18,0.0,69.63240000000002,-5.46
Camphor,CC1(C)C2CCC1(C)C(=O)C2,152.237,2.401700000000001,17.07,0,1,0,0,2,11,0.9,44.23600000000002,-1.96
5-Allyl-5-phenylbarbital,O=C1NC(=O)NC(=O)C1(CC=C)c1ccccc1,244.25,0.8664999999999998,75.27000000000001,2,3,3,1,2,18,0.15384615384615385,64.61540000000002,-2.369
Pentyl propanoate,CCCCC(=O)OCC,130.18699999999998,1.7397,26.3,0,2,4,0,0,9,0.8571428571428571,36.157999999999994,-2.25
Isopentyl acetate,CC(C)CCOC(=O)C,130.18699999999998,1.5956000000000001,26.3,0,2,3,0,0,9,0.8571428571428571,36.087999999999994,-1.92
3-Hexanoyloxymethylphenyltoin,O=C1N(COC(=O)CCCCC)C(=O)C(N1)(c2ccccc2)c3ccccc3,380.444,3.5630000000000024,75.71,1,4,8,2,3,28,0.3181818181818182,104.14270000000003,-5.886
"2,3',5-PCB",Clc1cccc(c1)c2cc(Cl)ccc2Cl ,257.547,5.313800000000001,0.0,0,0,1,2,2,15,0.0,66.90800000000002,-6.01
1-Bromopropane,CCCBr,122.993,1.7913000000000001,0.0,0,0,1,0,0,4,1.0,24.08499999999999,-1.73
Propiconazole,CCCC1COC(Cn2cncn2)(O1)c3ccc(Cl)cc3Cl,342.2260000000001,3.653400000000003,49.17,0,4,5,2,3,22,0.4666666666666667,83.89500000000004,-3.4930000000000003
Formothion,COP(=S)(OC)SCC(=O)N(C)C=O,257.27299999999997,0.8516999999999999,55.84,0,6,6,0,0,14,0.6666666666666666,59.59500000000002,-1.995
4-methylpteridine,Cc1ncnc2nccnc12,146.15299999999996,0.7282199999999999,51.56,0,4,0,2,2,11,0.14285714285714285,39.86500000000001,-0.466
Thiourea,NC(=S)N,76.12400000000001,-0.8113000000000001,52.04,2,1,0,0,0,4,0.0,20.972800000000007,0.32
p-Xylene ,Cc1ccc(C)cc1,106.16799999999999,2.30344,0.0,0,0,0,1,1,8,0.25,35.916,-2.77
"1,2-Diethylbenzene",CCc1ccccc1CC,134.22199999999998,2.811400000000001,0.0,0,0,2,1,1,10,0.4,45.19800000000003,-3.28
Hexachloroethane,ClC(Cl)(Cl)C(Cl)(Cl)Cl,236.74,3.7268,0.0,0,0,0,0,0,8,1.0,40.580000000000005,-3.67
Flucythrinate,CC(C)C(C(=O)OC(C#N)c1cccc(Oc2ccccc2)c1)c3ccc(OC(F)F)cc3,451.46900000000005,6.627980000000005,68.55000000000001,0,5,9,3,3,33,0.23076923076923078,118.05700000000004,-6.876
1-Nitropropane,CCCN(=O)=O,89.09399999999998,0.6731,43.14,0,2,2,0,0,6,1.0,22.152399999999997,-0.8
Menthone,CC(C)C1CCC(C)CC1=O,154.253,2.6477000000000013,17.07,0,1,1,0,1,11,0.9,46.35000000000002,-2.35
RTI 24,CCN2c1cc(Cl)ccc1NC(=O)c3cccnc23 ,273.723,3.458700000000001,45.230000000000004,1,3,1,2,3,19,0.14285714285714285,76.32220000000002,-5.36
"2,3-Dichloronitrobenzene",O=N(=O)c1c(Cl)c(Cl)ccc1,192.00100000000003,2.901600000000001,43.14,0,2,1,1,1,11,0.0,43.11640000000001,-3.48
thiamylal,CCCC(C)C1(CC=C)C(=O)NC(=S)NC1=O ,254.35500000000002,1.5159999999999998,58.2,2,3,5,0,1,17,0.5833333333333334,70.20240000000003,-3.46
Fluoranthene,c1ccc2c(c1)c3cccc4cccc2c34,202.25599999999997,4.487200000000002,0.0,0,0,0,3,4,16,0.0,68.37800000000004,-6.0
Propylisopropylether,CCCOC(C)C,102.17699999999998,1.8214000000000001,9.23,0,1,3,0,0,7,1.0,31.378999999999984,-1.34
"1,3-Dimethylnaphthalene",Cc1cc(C)c2ccccc2c1,156.22799999999998,3.456640000000002,0.0,0,0,0,2,2,12,0.16666666666666666,53.42200000000003,-4.29
diethylstilbestrol,CCC(=C(CC)c1ccc(O)cc1)c2ccc(O)cc2 ,268.356,4.828600000000005,40.46,2,2,4,2,2,20,0.2222222222222222,83.60960000000004,-4.07
Chlorothalonil,c1(C#N)c(Cl)c(C#N)c(Cl)c(Cl)c(Cl)1,265.914,4.043559999999999,47.58,0,2,0,1,1,14,0.0,55.912000000000006,-5.64
"2,3',4',5-PCB",Clc1ccc(Cl)c(c1)c2ccc(Cl)c(Cl)c2,291.992,5.967200000000002,0.0,0,0,1,2,2,16,0.0,71.918,-7.25
styrene oxide,C1OC1c2ccccc2 ,120.15099999999995,1.7579,12.53,0,1,1,1,2,9,0.25,35.135000000000005,-1.6
Isopropylbenzene ,CC(C)c1ccccc1,120.19499999999995,2.8100000000000014,0.0,0,0,1,1,1,9,0.3333333333333333,40.53100000000002,-3.27
Deoxycorticosterone,CC12CCC3C(CCC4=CC(=O)CCC34C)C2CCC1C(=O)CO,330.4680000000001,3.695900000000003,54.370000000000005,1,3,2,0,4,24,0.8095238095238095,92.29280000000004,-3.45
chlorquinox,c2(Cl)c(Cl)c(Cl)c1nccnc1c2(Cl) ,267.93,4.2434,25.78,0,2,0,2,2,14,0.0,59.578,-5.43
L-arabinose,C1OC(O)C(O)C(O)C1O,150.13,-2.5823000000000005,90.15,4,5,0,0,1,10,1.0,29.979199999999988,0.39
Dichloromethane,ClCCl,84.93299999999999,1.4215,0.0,0,0,0,0,0,3,1.0,16.573,-0.63
1-Ethylnaphthalene ,CCc1cccc2ccccc12,156.22799999999998,3.4022000000000023,0.0,0,0,1,2,2,12,0.16666666666666666,53.326000000000036,-4.17
Methyl formate,COC=O,60.05200000000001,-0.2108000000000001,26.3,0,2,1,0,0,4,0.5,13.073,0.58
o-Nitrophenol,Oc1ccccc1N(=O)=O,139.10999999999999,1.3004000000000002,63.37,1,3,1,1,1,10,0.0,34.7612,-1.74
thymine,Cc1c[nH]c(=O)[nH]c1=O ,126.115,-0.6283800000000002,65.72,2,2,0,1,1,9,0.2,32.420399999999994,-1.506
2-Methylpropane,CC(C)C,58.123999999999995,1.6622999999999999,0.0,0,0,0,0,0,4,1.0,20.511999999999997,-2.55
Inosine,OCC1OC(C(O)C1O)n2cnc3c(O)ncnc23,268.22900000000004,-1.8566000000000003,133.75,4,8,2,2,3,19,0.5,59.99720000000002,-1.23
Ioxynil,Oc1c(I)cc(C#N)cc1I,370.91499999999996,2.4730799999999995,44.019999999999996,1,2,0,1,1,11,0.0,58.255800000000015,-3.61
Niclosamide,Oc1ccc(Cl)cc1C(=O)Nc2ccc(cc2Cl)N(=O)=O,327.1230000000001,3.8595000000000006,92.47,2,4,3,2,2,21,0.0,79.17640000000002,-4.7
Pentane,CCCCC,72.151,2.1965000000000003,0.0,0,0,2,0,0,5,1.0,25.19899999999999,-3.18
Phenol,c1ccccc1O,94.11299999999999,1.3922,20.23,1,1,0,1,1,7,0.0,28.106799999999993,0.0
2-aminoanthracene,Nc3ccc2cc1ccccc1cc2c3 ,193.249,3.5752000000000015,26.02,1,1,0,3,3,15,0.0,65.86640000000001,-5.17
theobromine,Cn1cnc2n(C)c(=O)[nH]c(=O)c12 ,180.16699999999997,-1.0397,72.68,1,3,0,2,2,13,0.2857142857142857,46.5757,-2.523
Isoquinoline,c1ccc2cnccc2c1,129.16199999999998,2.2348,12.89,0,1,0,2,2,10,0.0,41.743000000000016,-1.45
Anilofos,COP(=S)(OC)SCC(=O)N(C(C)C)c1ccc(Cl)cc1,367.86,4.331900000000004,38.77,0,5,7,1,1,21,0.46153846153846156,94.83500000000004,-4.4319999999999995
Hexylbenzene ,CCCCCCc1ccccc1,162.276,3.809400000000003,0.0,0,0,5,1,1,12,0.5,54.288000000000046,-5.21
2-Chlorobiphenyl,Clc1ccccc1c2ccccc2,188.657,4.007000000000002,0.0,0,0,1,2,2,13,0.0,56.88800000000003,-4.54
2-Methyl-1-Pentene,CCCC(=C)C,84.16199999999999,2.3626000000000005,0.0,0,0,2,0,0,6,0.6666666666666666,29.721999999999984,-3.03
"2,3,4-Trimethylpentane",CC(C)C(C)C(C)C,114.23199999999999,2.9345000000000017,0.0,0,0,2,0,0,8,1.0,38.839999999999996,-4.8
Pentachlorobenzene,Clc1cc(Cl)c(Cl)c(Cl)c1Cl,250.339,4.9536,0.0,0,0,0,1,1,11,0.0,51.492000000000004,-5.65
m-Nitrophenol,Oc1cccc(c1)N(=O)=O,139.10999999999999,1.3003999999999998,63.37,1,3,1,1,1,10,0.0,34.7612,-1.01
1-Decene,CCCCCCCCC=C,140.26999999999998,3.9230000000000036,0.0,0,0,7,0,0,10,0.8,48.190000000000026,-5.51
Glyceryl triacetate,CC(=O)OCC(COC(=O)C)OC(=O)C,218.20499999999998,0.044299999999999784,78.9,0,6,5,0,0,15,0.6666666666666666,48.82000000000003,-0.6
dimethirimol,CCCCc1c(C)nc(nc1O)N(C)C ,209.29299999999998,1.89922,49.25000000000001,1,4,4,1,1,15,0.6363636363636364,61.37280000000004,-2.24
Cyfluthrin,CC1(C)C(C=C(Cl)Cl)C1C(=O)OC(C#N)c2ccc(F)c(Oc3ccccc3)c2,434.29400000000015,6.317080000000003,59.32000000000001,0,4,6,2,3,29,0.2727272727272727,107.91199999999999,-7.337000000000001
Pyridine,c1ccncc1,79.10199999999998,1.0816,12.89,0,1,0,1,1,6,0.0,24.236999999999995,0.76
1-Bromoheptane,CCCCCCCBr,179.101,3.351700000000002,0.0,0,0,5,0,0,8,1.0,42.55300000000001,-4.43
"3,4-Dimethylpyridine",Cc1ccncc1C,107.15599999999999,1.69844,12.89,0,1,0,1,1,8,0.2857142857142857,33.71099999999999,0.36
Fludrocortisone,CC34CC(O)C1(F)C(CCC2=CC(=O)CCC12C)C3CCC4(O)C(=O)CO ,380.45600000000013,1.8737,94.83,3,5,2,0,4,27,0.8095238095238095,95.49140000000003,-3.43
ethiofencarb,CCSCc1ccccc1OC(=O)NC ,225.313,2.6579000000000006,38.33,1,3,4,1,1,15,0.36363636363636365,63.36170000000004,-2.09
Malonic acid diethylester,CCOC(=O)CC(=O)OCC,160.16899999999998,0.5027,52.60000000000001,0,4,4,0,0,11,0.7142857142857143,37.883,-0.82
d-Limonene,CC1=CCC(CC1)C(C)=C,136.238,3.308900000000002,0.0,0,0,1,0,1,10,0.6,45.91200000000003,-4.26
Indan,C1Cc2ccccc2C1,118.17899999999997,2.1753,0.0,0,0,0,1,2,9,0.3333333333333333,38.46700000000001,-3.04
p-t-Butylphenol,CC(C)(C)c1ccc(O)cc1,150.22099999999998,2.689700000000001,20.23,1,1,0,1,1,11,0.4,46.80680000000004,-2.41
Cyclopropyl-5-spirobarbituric acid,O=C2NC(=O)C1(CC1)C(=O)N2 ,154.125,-0.8674000000000002,75.27,2,3,0,0,2,11,0.5,33.3484,-1.886
m-Chloroiodobenzene,Clc1cccc(I)c1,238.45499999999998,2.9446000000000003,0.0,0,0,0,1,1,8,0.0,44.16900000000001,-3.55
1-Bromonapthalene,Brc1cccc2ccccc12,207.07,3.6023000000000014,0.0,0,0,0,2,2,11,0.0,51.648000000000025,-4.35
trans-2-Pentene ,CC/C=C/C,70.135,1.9725,0.0,0,0,1,0,0,5,0.6,25.10499999999999,-2.54
"2,6-Dimethylpyridine",Cc1cccc(C)n1,107.156,1.69844,12.89,0,1,0,1,1,8,0.2857142857142857,33.71099999999999,0.45
Trichloroethylene,ClC=C(Cl)Cl,131.389,2.5017000000000005,0.0,0,0,0,0,0,5,0.0,25.642,-1.96
1-Napthylamine,Nc1cccc2ccccc12,143.189,2.4220000000000006,26.02,1,1,0,2,2,11,0.0,48.36040000000001,-1.92
m-Xylene ,Cc1cccc(C)c1,106.16799999999999,2.30344,0.0,0,0,0,1,1,8,0.25,35.916,-2.82
2-hydroxypteridine,Oc2ncc1nccnc1n2,148.125,0.1253999999999998,71.79,1,5,0,2,2,11,0.0,36.792800000000014,-1.947
Methanol,CO,32.042,-0.3915,20.23,1,1,0,0,0,2,1.0,8.1428,1.57
Amobarbital,CCC1(CCC(C)C)C(=O)NC(=O)NC1=O,226.27599999999998,1.1849999999999998,75.27000000000001,2,3,4,0,1,16,0.7272727272727273,58.47740000000003,-2.468
2-Butanone,CCC(=O)C,72.107,0.9854,17.07,0,1,1,0,0,5,0.75,20.971999999999994,0.52
5-fluorouracil,Fc1c[nH]c(=O)[nH]c1=O ,130.078,-0.7977000000000001,65.72,2,2,0,1,1,9,0.0,27.641399999999994,-1.077
tubercidin,Nc1ncnc2n(ccc12)C3OC(CO)C(O)C3O ,266.257,-1.3750000000000007,126.65,4,7,2,2,3,19,0.45454545454545453,64.94980000000002,-1.95
"1,3-Benzenediol",Oc1cccc(O)c1,110.11199999999998,1.0977999999999999,40.46,2,2,0,1,1,8,0.0,29.771599999999992,0.81
1-Hexanol,CCCCCCO,102.17699999999999,1.559,20.23,1,1,4,0,0,7,1.0,31.22779999999998,-1.24
1-Chloropentane,CCCCCCl,106.596,2.415400000000001,0.0,0,0,3,0,0,6,1.0,30.244999999999987,-2.73
"1,3-Butadiene",C=CC=C,54.09199999999999,1.3584,0.0,0,0,1,0,0,4,0.0,20.393999999999995,-1.87
Propyl acetate,CCCOC(=O)C,102.13299999999998,0.9595,26.3,0,2,2,0,0,7,0.8,26.923999999999985,-0.72
"5,6,7,8-tetrahydro-2-naphthol",Oc2ccc1CCCCc1c2 ,148.205,2.271,20.23,1,1,0,1,2,11,0.4,44.748800000000024,-1.99
chloroacetamide,NC(=O)CCl ,93.513,-0.2895000000000001,43.09,1,1,1,0,0,5,0.5,19.9144,-0.02
Iodofenphos,COP(=S)(OC)Oc1cc(Cl)c(I)cc1Cl,413.0,4.494100000000002,27.69,0,4,4,1,1,16,0.25,78.11000000000001,-6.62
4-Chlorotoluene,Cc1ccc(Cl)cc1,126.586,2.6484200000000007,0.0,0,0,0,1,1,8,0.14285714285714285,36.18900000000001,-3.08
Metribuzin,CSc1nnc(c(=O)n1N)C(C)(C)C,214.29399999999998,0.3714999999999997,73.8,1,5,1,1,1,14,0.625,56.923400000000015,-2.253
Tricresyl phosphate,Cc1ccc(OP(=O)(Oc2cccc(C)c2)Oc3ccccc3C)cc1,368.3690000000001,6.256760000000005,44.760000000000005,0,4,6,3,3,26,0.14285714285714285,103.02750000000003,-6.01
Caproaldehyde,CCCCCC=O,100.16099999999999,1.7656,17.07,0,1,4,0,0,7,0.8333333333333334,30.20599999999998,-1.3
Butamben,CCCCOC(=O)c1ccc(N)cc1,193.24599999999998,2.2257,52.32,1,3,4,1,1,14,0.36363636363636365,56.04490000000003,-3.082
RTI 3,O2c1cc(C)ccc1N(C)C(=O)c3cc(N)cnc23 ,255.277,2.35452,68.45,1,4,0,2,3,19,0.14285714285714285,72.63590000000002,-3.043
Nerol,CC(C)=CCC/C(C)=C\CO,154.253,2.6714000000000016,20.23,1,1,4,0,0,11,0.6,49.50780000000003,-2.46
"2,4'-PCB",Clc1ccc(cc1)c2ccccc2Cl ,223.102,4.660400000000002,0.0,0,0,1,2,2,14,0.0,61.898000000000025,-5.28
3-Octanoyloxymethylphenytoin,O=C1N(COC(=O)CCCCCCC)C(=O)C(N1)(c2ccccc2)c3ccccc3,408.498,4.343200000000004,75.71,1,4,10,2,3,30,0.375,113.37670000000003,-6.523
Nitroethane,CCN(=O)=O,75.067,0.2829999999999999,43.14,0,2,1,0,0,5,1.0,17.5354,-0.22
Ethalfluralin,CCN(CC(C)=C)c1c(cc(cc1N(=O)=O)C(F)(F)F)N(=O)=O,333.266,3.9242000000000035,89.51999999999998,0,5,6,1,1,23,0.38461538461538464,77.4538,-6.124
"1,2,3,4-Tetrachlorobenzene",Clc1ccc(Cl)c(Cl)c1Cl,215.894,4.3002,0.0,0,0,0,1,1,10,0.0,46.482000000000006,-4.57
Meprobamate,CCCC(C)(COC(N)=O)COC(N)=O ,218.25299999999996,0.9834000000000005,104.63999999999999,2,4,6,0,0,15,0.7777777777777778,54.08580000000003,-1.807
pregnenolone,CC(=O)C3CCC4C2CC=C1CC(O)CCC1(C)C2CCC34C ,316.48500000000007,4.515300000000004,37.3,1,2,1,0,4,23,0.8571428571428571,91.88080000000005,-4.65
Iodomethane,CI,141.939,1.0512000000000001,0.0,0,0,0,0,0,2,1.0,19.943999999999996,-1.0
cycloheximide,CC1CC(C)C(=O)C(C1)C(O)CC2CC(=O)NC(=O)C2 ,281.35200000000003,1.0414999999999999,83.47,2,4,3,0,2,20,0.8,72.55650000000004,-1.13
3-Heptanoyloxymethylphenytoin,O=C1N(COC(=O)CCCCCC)C(=O)C(N1)(c2ccccc2)c3ccccc3,394.471,3.9531000000000027,75.71,1,4,9,2,3,29,0.34782608695652173,108.75970000000002,-6.301
isophorone,CC1=CC(=O)CC(C)(C)C1 ,138.20999999999998,2.3218000000000005,17.07,0,1,0,0,1,10,0.6666666666666666,41.77900000000002,-1.06
Butabarbital,O=C1NC(=O)NC(=O)C1(CC)C(C)CC,212.24899999999997,0.7948999999999993,75.27000000000001,2,3,3,0,1,15,0.7,53.86040000000003,-2.39
5-Nonanone,CCCCC(=O)CCCC,142.242,2.935900000000001,17.07,0,1,6,0,0,10,0.8888888888888888,44.057000000000016,-2.58
Glutethimide,CCC1(CCC(=O)NC1=O)c2ccccc2 ,217.268,1.771,46.17,1,2,2,1,2,16,0.38461538461538464,60.794700000000034,-2.3369999999999997
3-Methylpentane,CCC(C)CC,86.178,2.442500000000001,0.0,0,0,2,0,0,6,1.0,29.74599999999998,-3.68
Etofenprox,CCOc1ccc(cc1)C(C)(C)COCc3cccc(Oc2ccccc2)c3,376.49600000000004,6.372000000000007,27.69,0,3,9,3,3,28,0.28,113.25100000000005,-8.6
Methaqualone,Cc1ccccc1n3c(C)nc2ccccc2c3=O,250.30100000000002,3.0025400000000015,34.89,0,2,1,3,3,19,0.125,76.81400000000004,-2.925
Chloroacetonitrile,ClCC#N,75.498,0.74878,23.79,0,1,0,0,0,4,0.5,16.333,-0.092
Trichloronate,CCOP(=S)(CC)Oc1cc(Cl)c(Cl)cc1Cl,333.60400000000004,5.391500000000002,18.46,0,3,5,1,1,17,0.4,78.55200000000002,-5.752000000000001
Ethisterone,CC12CCC(=O)C=C1CCC3C2CCC4(C)C3CCC4(O)C#C ,312.45300000000003,3.8826000000000027,37.3,1,2,0,0,4,23,0.7619047619047619,90.49280000000005,-5.66
Pyridazine,c1ccnnc1,80.08999999999999,0.4765999999999999,25.78,0,2,0,1,1,6,0.0,22.031999999999996,1.1
"1,2,3,5-Tetrachlorobenzene",Clc1cc(Cl)c(Cl)c(Cl)c1,215.894,4.3002,0.0,0,0,0,1,1,10,0.0,46.482000000000006,-4.63
Diosgenin,C1C(O)CCC2(C)CC3CCC4(C)C5(C)CC6OCC(C)CC6OC5CC4C3C=C21,414.63000000000017,5.508800000000006,38.69,1,3,0,0,6,30,0.9259259259259259,117.9988000000001,-7.32
o-Aminophenol,Nc1ccccc1O,109.12799999999999,0.9743999999999999,46.25,2,2,0,1,1,8,0.0,32.5192,-0.72
Ethyl nonanoate,CCCCCCCCC(=O)OCC,186.295,3.3001000000000023,26.3,0,2,8,0,0,13,0.9090909090909091,54.62600000000005,-3.8
metalaxyl,COCC(=O)N(C(C)C(=O)OC)c1c(C)cccc1C ,279.336,1.8443399999999999,55.84,0,4,5,1,1,20,0.4666666666666667,76.75600000000004,-1.601
Propoxur,CNC(=O)Oc1ccccc1OC(C)C,209.24499999999998,2.192,47.56,1,3,3,1,1,15,0.36363636363636365,57.28970000000004,-2.05
2-Chlorobutane,CCC(C)Cl,92.569,2.0237,0.0,0,0,1,0,0,5,1.0,25.605999999999987,-1.96
2-Napthol,Oc1ccc2ccccc2c1,144.17299999999997,2.5454,20.23,1,1,0,2,2,11,0.0,45.61280000000002,-2.28
Oxadiazon,CC(C)Oc1cc(c(Cl)cc1Cl)n2nc(oc2=O)C(C)(C)C,345.22600000000017,4.217000000000003,57.26,0,4,3,2,2,22,0.4666666666666667,86.58400000000003,-5.696000000000001
1-Hexyne ,CCCCC#C,82.14599999999999,1.8098,0.0,0,0,2,0,0,6,0.6666666666666666,28.357999999999986,-2.36
1-Nonyne ,CCCCCCCC#C,124.22699999999999,2.980100000000002,0.0,0,0,5,0,0,9,0.7777777777777778,42.20900000000001,-4.24
2-Chlorotoluene,Cc1ccccc1Cl,126.586,2.6484200000000007,0.0,0,0,0,1,1,8,0.14285714285714285,36.189,-3.52
Diisopropyl ether ,CC(C)OC(C)C,102.17699999999999,1.8197999999999999,9.23,0,1,2,0,0,7,1.0,31.356999999999978,-1.1
Dapsone,Nc1ccc(cc1)S(=O)(=O)c2ccc(N)cc2,248.307,1.6838000000000002,86.18,2,4,2,2,2,17,0.0,67.16060000000002,-3.094
Methyl hydrazine,CNN,46.073,-0.9205000000000001,38.05,2,2,0,0,0,3,1.0,13.247100000000001,1.34
Propyne,CC#C,40.065000000000005,0.6395,0.0,0,0,0,0,0,3,0.3333333333333333,14.507000000000001,-0.41
Phoxim,CCOP(=S)(OCC)ON=C(C#N)c1ccccc1,298.304,3.2283800000000014,63.839999999999996,0,6,7,1,1,19,0.3333333333333333,77.21400000000004,-4.862
Propetamphos,CCNP(=S)(OC)OC(=CC(=O)OC(C)C)C,281.314,2.3388,56.790000000000006,1,5,7,0,0,17,0.7,71.04070000000003,-3.408
Acrolein,C=CC=O,56.064,0.37129999999999996,17.07,0,1,1,0,0,4,0.0,16.261,0.57
Hypoxanthine,O=c1[nH]cnc2nc[nH]c12 ,136.114,-0.35380000000000006,74.43,2,3,0,2,2,10,0.0,34.5094,-2.296
6-hydroxyquinoline,Oc2ccc1ncccc1c2 ,145.161,1.9403999999999997,33.120000000000005,1,2,0,2,2,11,0.0,43.40780000000002,-2.16
Fluorobenzene,Fc1ccccc1,96.10399999999998,1.8256999999999999,0.0,0,0,0,1,1,7,0.0,26.399999999999995,-1.8
1-Chloropropane,CCCCl,78.542,1.6352,0.0,0,0,1,0,0,4,1.0,21.010999999999996,-1.47
Ethyl acetate,CCOC(=O)C,88.106,0.5694,26.3,0,2,1,0,0,6,0.75,22.30699999999999,-0.04
"2,2-Dimethylpentane",CCCC(C)(C)C,100.20499999999998,2.832600000000001,0.0,0,0,1,0,0,7,1.0,34.362999999999985,-4.36
Pentamethylbenzene,Cc1cc(C)c(C)c(C)c1C,148.249,3.2287000000000017,0.0,0,0,0,1,1,11,0.45454545454545453,50.12700000000003,-4.0
eucalyptol,CC12CCC(CC1)C(C)(C)O2 ,154.253,2.7441000000000013,9.23,0,1,0,0,3,11,1.0,45.52700000000002,-1.64
dibutyl sebacate,CCCCOC(=O)CCCCCCCCC(=O)OCCCC,314.46600000000007,4.7938000000000045,52.60000000000001,0,4,15,0,0,22,0.8888888888888888,88.67000000000007,-3.896
"4,4'-PCB",Clc1ccc(cc1)c2ccc(Cl)cc2 ,223.102,4.660400000000002,0.0,0,0,1,2,2,14,0.0,61.898000000000025,-6.56
"2,3-Dimethylpyridine",Cc1cccnc1C,107.156,1.69844,12.89,0,1,0,1,1,8,0.2857142857142857,33.71099999999999,0.38
Carvone,CC(=C)C1CC=C(C)C(=O)C1,150.22099999999998,2.4879000000000007,17.07,0,1,1,0,1,11,0.5,46.30200000000003,-2.06
Carbophenthion,CCOP(=S)(OCC)SCSc1ccc(Cl)cc1,342.875,5.420300000000004,18.46,0,5,8,1,1,18,0.45454545454545453,87.30400000000003,-5.736000000000001
"Etoposide (148-167,25mg/ml)",COc1cc(cc(OC)c1O)C6C2C(COC2=O)C(OC4OC3COC(C)OC3C(O)C4O)c7cc5OCOc5cc67,588.5620000000001,1.338599999999999,160.83,3,13,5,2,7,42,0.5517241379310345,138.34539999999996,-3.571
Perylene,c1cc2cccc3c4cccc5cccc(c(c1)c23)c54,252.31599999999997,5.737200000000003,0.0,0,0,0,5,5,20,0.0,87.65200000000003,-8.804
"2,4-Dinitrotoluene",Cc1ccc(cc1N(=O)=O)N(=O)=O,182.135,1.8114200000000005,86.28,0,4,2,1,1,13,0.14285714285714285,44.487800000000014,-2.82
2-bromonaphthalene,c1c(Br)ccc2ccccc12 ,207.07000000000002,3.6023000000000014,0.0,0,0,0,2,2,11,0.0,51.648000000000025,-4.4
Formetanate,CNC(=O)Oc1cccc(N=CN(C)C)c1,221.26,1.6262,53.93,1,3,3,1,1,16,0.2727272727272727,63.364700000000035,-2.34
6-methoxypteridine,COc2cnc1ncncc1n2,162.15200000000002,0.42839999999999984,60.790000000000006,0,5,1,2,2,12,0.14285714285714285,41.68000000000001,-1.139
nevirapine,Cc3ccnc4N(C1CC1)c2ncccc2C(=O)Nc34 ,266.30400000000003,2.6512200000000004,58.120000000000005,1,4,1,2,4,20,0.26666666666666666,76.32520000000002,-3.19
Isazofos,CCOP(=S)(OCC)Oc1nc(Cl)n(n1)C(C)C,313.747,3.1887000000000016,58.4,0,6,7,1,1,18,0.7777777777777778,73.58200000000002,-3.658
"2-Methyl-1,3-Butadiene ",CC(=C)C=C,68.11900000000001,1.7485,0.0,0,0,1,0,0,5,0.2,25.01099999999999,-2.03
linalool,CC(C)=CCCC(O)(C)C=C,154.253,2.6698000000000013,20.23,1,1,4,0,0,11,0.6,49.485800000000026,-1.99
Fenthion,COP(=S)(OC)Oc1ccc(SC)c(C)c1,278.335,3.6130200000000023,27.69,0,5,5,1,1,16,0.4,71.89100000000003,-4.57
Cyclohexanol ,OC1CCCCC1,100.161,1.3114,20.23,1,1,0,0,1,7,1.0,29.091799999999985,-0.44
5-Allyl-5-methylbarbital,O=C1NC(=O)NC(=O)C1(C)CC=C,182.17899999999997,-0.06520000000000037,75.27000000000001,2,3,2,0,1,13,0.375,44.60240000000001,-1.16
Epiandrosterone,CC34CCC1C(CCC2CC(O)CCC12C)C3CCC4=O,290.447,3.959100000000003,37.3,1,2,0,0,4,21,0.9473684210526315,82.74080000000005,-4.16
mannitol,OCC(O)C(O)C(O)C(O)CO ,182.172,-3.5854000000000004,121.38000000000001,6,6,5,0,0,12,1.0,38.198800000000006,0.06
4-Methylbiphenyl,Cc1ccc(cc1)c2ccccc2,168.239,3.662020000000002,0.0,0,0,1,2,2,13,0.07692307692307693,56.61500000000003,-4.62
Atrazine,CCNc1nc(Cl)nc(NC(C)C)n1,215.68800000000002,1.7770999999999997,62.730000000000004,2,5,4,1,1,14,0.625,57.75940000000002,-3.85
Phenylthiourea,NC(=S)Nc1ccccc1,152.22199999999998,1.3421,38.05,2,1,1,1,1,10,0.0,46.85010000000001,-1.77
4-Heptanone,CCCC(=O)CCC,114.18799999999999,2.1557000000000004,17.07,0,1,4,0,0,8,0.8571428571428571,34.822999999999986,-1.3
"3,3-Dimethyl-2-butanone",CC(=O)C(C)(C)C,100.16099999999999,1.6215,17.07,0,1,0,0,0,7,0.8333333333333334,30.13599999999998,-0.72
4-Chlorophenol ,Oc1ccc(Cl)cc1,128.558,2.0456,20.23,1,1,0,1,1,8,0.0,33.1168,-0.7
Cyclohexanone,O=C1CCCCC1,98.14500000000001,1.5196,17.07,0,1,0,0,1,7,0.8333333333333334,28.091999999999985,-0.6
m-Methylaniline,Cc1cccc(N)c1,107.156,1.5772199999999998,26.02,1,1,0,1,1,8,0.14285714285714285,35.59139999999999,-0.85
Trichloroacetonitrile,ClC(Cl)(Cl)C#N,144.388,1.88018,23.79,0,1,0,0,0,6,0.5,25.903,-2.168
norflurazon,CNc2cnn(c1cccc(c1)C(F)(F)F)c(=O)c2Cl,303.67100000000005,2.9464000000000006,46.92,1,3,2,2,2,20,0.16666666666666666,69.3927,-4.046
2-Decanone,CCCCCCCCC(=O)C,156.269,3.3260000000000023,17.07,0,1,7,0,0,11,0.9,48.67400000000003,-3.3
Ipazine,CCN(CC)c1nc(Cl)nc(NC(C)C)n1,243.74200000000002,2.1914999999999996,53.940000000000005,1,5,5,1,1,16,0.7,67.15670000000003,-3.785
Benzocaine,CCOC(=O)c1ccc(N)cc1,165.19199999999998,1.4455,52.32,1,3,2,1,1,12,0.2222222222222222,46.81090000000002,-2.616
"1,2,4-Trichlorobenzene",Clc1ccc(Cl)c(Cl)c1,181.449,3.6468000000000007,0.0,0,0,0,1,1,9,0.0,41.47200000000001,-3.59
Triazolam,Cc3nnc4CN=C(c1ccccc1Cl)c2cc(Cl)ccc2n34,343.2170000000001,4.233520000000003,43.07,0,3,1,3,4,23,0.11764705882352941,91.90100000000002,-4.09
"1,2-Benzenediol",Oc1ccccc1O,110.11199999999998,1.0977999999999999,40.46,2,2,0,1,1,8,0.0,29.771599999999992,0.62
Reverse Transcriptase inhibitor 1,CCN2c1ncccc1N(C)C(=O)c3cccnc23 ,254.29299999999998,2.2245999999999997,49.330000000000005,0,4,1,2,3,19,0.21428571428571427,73.88750000000003,-2.62
Dimethyl sulfide,CSC,62.137,0.9792,0.0,0,1,0,0,0,3,1.0,19.438999999999997,-0.45
2-Bromotoluene,Cc1ccccc1Br,171.03699999999998,2.7575200000000013,0.0,0,0,0,1,1,8,0.14285714285714285,38.87900000000001,-2.23
O-Ethyl carbamate,CCOC(=O)N,89.09400000000001,0.10160000000000013,52.32,1,2,1,0,0,6,0.6666666666666666,21.2094,0.85
megestrol acetate,CC(=O)OC3(CCC4C2C=C(C)C1=CC(=O)CCC1(C)C2CCC34C)C(C)=O ,384.5160000000002,4.575300000000004,60.440000000000005,0,4,2,0,4,28,0.7083333333333334,106.41100000000007,-5.35
"2,4-Dimethyl-3-pentanol",CC(C)C(O)C(C)C,116.20399999999998,1.6593,20.23,1,1,2,0,0,8,1.0,35.68279999999999,-1.22
Napthalene,c1ccc2ccccc2c1,128.17399999999995,2.839800000000001,0.0,0,0,0,2,2,10,0.0,43.94800000000003,-3.6
N-Ethylaniline,CCNc1ccccc1,121.18299999999995,2.1184,12.03,1,1,2,1,1,9,0.25,40.60570000000001,-1.7
Phenytoin,O=C1NC(=O)C(N1)(c2ccccc2)c3ccccc3,252.27300000000002,1.7695999999999998,58.2,2,2,2,2,3,19,0.06666666666666667,70.33840000000004,-4.0969999999999995
"7,12-Dimethylbenz(a)anthracene",Cc1c2ccccc2c(C)c3ccc4ccccc4c13,256.348,5.763040000000005,0.0,0,0,0,4,4,20,0.1,88.43400000000005,-7.02
Dialifor,CCOP(=S)(OCC)SC(CCl)N1C(=O)c2ccccc2C1=O,393.85400000000016,3.878200000000003,55.84,0,6,8,1,2,23,0.42857142857142855,96.57800000000005,-6.34
Methoxychlor,COc1ccc(cc1)C(c2ccc(OC)cc2)C(Cl)(Cl)Cl,345.6529999999999,5.205900000000002,18.46,0,2,4,2,2,21,0.25,88.12100000000004,-6.89
TEFLUBENZURON,Fc1cccc(F)c1C(=O)NC(=O)Nc2cc(Cl)c(F)c(Cl)c2F ,381.1120000000001,4.511700000000001,58.2,2,2,2,2,2,24,0.0,79.22090000000001,-7.28
3-Pentanoyloxymethylphenytoin,O=C1N(COC(=O)CCCC)C(=O)C(N1)(c2ccccc2)c3ccccc3,366.41700000000003,3.172900000000002,75.71,1,4,7,2,3,27,0.2857142857142857,99.52570000000003,-4.678
Monuron,CN(C)C(=O)Nc1ccc(Cl)cc1,198.653,2.4335000000000004,32.34,1,1,1,1,1,13,0.2222222222222222,54.15770000000003,-2.89
Flutriafol,OC(Cn1cncn1)(c2ccc(F)cc2)c3ccccc3F,301.296,2.492400000000001,50.94,1,3,4,3,3,22,0.125,75.82080000000003,-3.37
triamcinolone diacetate,CC(=O)OCC(=O)C3(O)C(CC4C2CCC1=CC(=O)C=CC1(C)C2(F)C(O)CC34C)OC(C)=O ,478.51300000000026,1.7620999999999996,127.20000000000002,2,8,4,0,4,34,0.68,115.88160000000005,-4.13
1-Bromobutane,CCCCBr,137.01999999999998,2.1814,0.0,0,0,2,0,0,5,1.0,28.701999999999988,-2.37
"1,2,4,5-Tetrabromobenzene",Brc1cc(Br)c(Br)cc1Br,393.69800000000004,4.7366,0.0,0,0,0,1,1,10,0.0,57.242000000000004,-6.98
4-Methyl-2-pentanone,CC(C)CC(=O)C,100.16099999999999,1.6215,17.07,0,1,2,0,0,7,0.8333333333333334,30.13599999999998,-0.74
cycloate,CCSC(=O)N(CC)C1CCCCC1 ,215.36199999999994,3.5141000000000027,20.310000000000002,0,2,3,0,1,14,0.9090909090909091,62.78100000000004,-3.4
4-Chloroanisole,COc1ccc(Cl)cc1,142.585,2.3486000000000002,9.23,0,1,1,1,1,9,0.14285714285714285,38.00400000000001,-2.78
Deltamethrin,CC1(C)C(C=C(Br)Br)C1C(=O)OC(C#N)c2cccc(Oc3ccccc3)c2,505.20600000000024,6.490180000000005,59.32000000000001,0,4,6,2,3,28,0.2727272727272727,114.10199999999999,-8.402000000000001
Talbutal,CCC(C)C1(CC=C)C(=O)NC(=O)NC1=O,224.26,0.9609999999999999,75.27000000000001,2,3,4,0,1,16,0.5454545454545454,58.38340000000002,-2.016
Fenitrothion,COP(=S)(OC)Oc1ccc(N(=O)=O)c(C)c1,277.238,2.7993200000000007,70.83000000000001,0,6,5,1,1,17,0.3333333333333333,66.76440000000001,-4.04
1-Iodonapthalene,Ic1cccc2ccccc12,254.07000000000002,3.4444000000000017,0.0,0,0,0,2,2,11,0.0,56.66500000000002,-4.55
Sorbitol,OCC(O)C(O)C(O)C(O)CO,182.172,-3.5854000000000004,121.38000000000001,6,6,5,0,0,12,1.0,38.198800000000006,1.09
Ethanethiol,CCS,62.137,0.9360999999999999,0.0,1,1,0,0,0,3,1.0,19.526999999999997,-0.6
"1,1,2-Trichloroethane",ClCC(Cl)Cl,133.405,2.0289,0.0,0,0,1,0,0,5,1.0,26.213999999999995,-1.48
Pyrolan,CN(C)C(=O)Oc1cc(C)nn1c2ccccc2,245.282,2.2411200000000004,47.36000000000001,0,3,2,2,2,18,0.23076923076923078,68.01200000000003,-2.09
o-Hydroxybenzamide,NC(=O)c1ccccc1O,137.13799999999998,0.49110000000000004,63.32000000000001,2,2,1,1,1,10,0.0,36.62470000000002,-1.82
o-Nitrotoluene,Cc1ccccc1N(=O)=O,137.138,1.9032200000000001,43.14,0,2,1,1,1,10,0.14285714285714285,37.83340000000001,-2.33
"5,5-Diisopropylbarbital",O=C1NC(=O)NC(=O)C1(C(C)C)C(C)C,212.249,0.6507999999999994,75.27000000000001,2,3,2,0,1,15,0.7,53.79040000000003,-2.766
2-Ethyltoluene,CCc1ccccc1C,120.19499999999996,2.5574200000000005,0.0,0,0,1,1,1,9,0.3333333333333333,40.557000000000016,-3.21
1-Chloroheptane,CCCCCCCCl,134.65,3.1956000000000016,0.0,0,0,5,0,0,8,1.0,39.479000000000006,-4.0
Barbital,O=C1NC(=O)NC(=O)C1(CC)CC,184.19499999999996,0.15879999999999939,75.27000000000001,2,3,2,0,1,13,0.625,44.69640000000002,-2.4
Bibenzyl ,C(Cc1ccccc1)c2ccccc2,182.266,3.4718000000000018,0.0,0,0,3,2,2,14,0.14285714285714285,60.29200000000004,-4.62
"1,1,2,2-Tetrachloroethane",ClC(Cl)C(Cl)Cl,167.85,2.5938,0.0,0,0,1,0,0,6,1.0,30.988,-1.74
RTI 23,CCN2c1cc(OC)cc(C)c1NC(=O)c3cccnc23 ,283.331,3.122320000000001,54.46,1,4,2,2,3,21,0.25,82.60120000000003,-5.153
2-Methylphenanthrene,Cc1ccc2c(ccc3ccccc32)c1,192.261,4.301420000000003,0.0,0,0,0,3,3,15,0.06666666666666667,66.19100000000003,-5.84
dibutylphthalate,CCCCOC(=O)c1ccccc1C(=O)OCCCC ,278.348,3.600400000000003,52.60000000000001,0,4,8,1,1,20,0.5,76.82300000000005,-4.4
tetrachloroguaiacol,COc1c(O)c(Cl)c(Cl)c(Cl)c1Cl ,261.919,4.014400000000001,29.46,1,2,1,1,1,13,0.14285714285714285,54.69880000000001,-4.02
Dimecron,CCN(CC)C(=O)C(=CCOP(=O)(OC)OC)Cl,299.6909999999999,2.3950000000000005,65.07000000000001,0,5,8,0,0,18,0.7,69.44050000000004,0.523
Equilin,CC34CCC1C(=CCc2cc(O)ccc12)C3CCC4=O,268.356,3.7375000000000025,37.3,1,2,0,1,4,20,0.5,77.70680000000003,-5.282
Chlorimuron-ethyl (ph 7),CCOC(=O)c1ccccc1S(=O)(=O)NN(C=O)c2nc(Cl)cc(OC)n2,414.82700000000017,1.1715999999999998,127.79,1,8,8,2,2,27,0.2,94.85700000000003,-4.5760000000000005
p-Nitroanisole,COc1ccc(cc1)N(=O)=O,153.13699999999997,1.6033999999999997,52.37,0,3,2,1,1,11,0.14285714285714285,39.64840000000002,-2.41
1-Chlorohexane,CCCCCCCl,120.623,2.805500000000001,0.0,0,0,4,0,0,7,1.0,34.861999999999995,-3.12
"2,2',3,3',4,4',5,5'-PCB",Clc1cc(c(Cl)c(Cl)c1Cl)c2cc(Cl)c(Cl)c(Cl)c2Cl,429.77200000000016,8.580799999999998,0.0,0,0,1,2,2,20,0.0,91.95800000000001,-9.16
Raffinose,OCC1OC(CO)(OC2OC(COC3OC(CO)C(O)C(O)C3O)C(O)C(O)C2O)C(O)C1O,504.43800000000005,-7.571399999999989,268.67999999999995,11,16,8,0,3,34,1.0,101.27480000000001,-0.41
hexacosane,CCCCCCCCCCCCCCCCCCCCCCCCCC,366.7180000000002,10.388599999999993,0.0,0,0,23,0,0,26,1.0,122.15600000000012,-8.334
RTI 5,CCN2c1ccccc1N(C)C(=O)c3cccnc23 ,253.30499999999995,2.829600000000001,36.44,0,3,1,2,3,19,0.2,76.09250000000003,-3.324
"1,1-Dichloroethane",CC(Cl)Cl,98.96000000000001,1.81,0.0,0,0,0,0,0,4,1.0,21.167999999999992,-1.29
Sulfanilamide,Nc1ccc(cc1)S(N)(=O)=O,172.20899999999997,-0.08379999999999999,86.18,2,3,1,1,1,11,0.0,42.2276,-1.34
Isopropalin,CCCN(CCC)c1c(cc(cc1N(=O)=O)C(C)C)N(=O)=O,309.36600000000004,4.252800000000004,89.51999999999998,0,5,8,1,1,22,0.6,86.63480000000003,-6.49
Lindane,ClC1C(Cl)C(Cl)C(Cl)C(Cl)C1Cl,290.832,3.644400000000001,0.0,0,0,0,0,1,12,1.0,57.846000000000025,-4.64
Isofenphos,CCOP(=S)(NC(C)C)Oc1ccccc1C(=O)OC(C)C,345.4010000000002,3.8896000000000033,56.790000000000006,1,5,8,1,1,22,0.5333333333333333,91.80420000000005,-4.194
"1,2,3-Trichlorobenzene",Clc1cccc(Cl)c1Cl,181.44899999999998,3.6468000000000007,0.0,0,0,0,1,1,9,0.0,41.47200000000001,-4.0
Tetrachloromethane,ClC(Cl)(Cl)Cl,153.823,2.5529,0.0,0,0,0,0,0,5,1.0,26.143,-2.31
"3,4-Dichloronitrobenzene",O=N(=O)c1cc(Cl)c(Cl)cc1,192.001,2.901600000000001,43.14,0,2,1,1,1,11,0.0,43.11640000000001,-3.2
Cyclooctanol,OC1CCCCCCC1,128.215,2.0915999999999997,20.23,1,1,0,0,1,9,1.0,38.3258,-1.29
17a-Methyltestosterone,CC1(O)CCC2C3CCC4=CC(=O)CCC4(C)C3CCC21C,302.4580000000001,4.269300000000004,37.3,1,2,0,0,4,22,0.85,87.33380000000005,-3.999
Dulcin,CCOc1ccc(NC(N)=O)cc1,180.20699999999997,1.5758999999999999,64.35,2,2,3,1,1,13,0.2222222222222222,50.81710000000001,-2.17
"trans-1,4-Dimethylcyclohexane",C/C1CCC(\C)CC1,112.216,2.832600000000001,0.0,0,0,0,0,1,8,1.0,36.79599999999999,-4.47
"1,7-phenantroline",c1cnc2c(c1)ccc3ncccc23,180.20999999999998,2.7830000000000004,25.78,0,2,0,3,3,14,0.0,57.044000000000025,-2.68
Methyl t-butyl ether ,COC(C)(C)C,88.14999999999999,1.4313,9.23,0,1,0,0,0,6,1.0,26.761999999999986,-0.24
Anethole,COc1ccc(C=CC)cc1,148.20499999999998,2.728300000000001,9.23,0,1,2,1,1,11,0.2,47.70200000000003,-3.13
1-Hexadecanol,CCCCCCCCCCCCCCCCO,242.44699999999992,5.460000000000006,20.23,1,1,14,0,0,17,1.0,77.39780000000006,-7.0
uracil,O=c1cc[nH]c(=O)[nH]1 ,112.088,-0.9368000000000001,65.72,2,2,0,1,1,8,0.0,27.6834,-1.4880000000000002
adenine,Nc1ncnc2nc[nH]c12 ,135.13,-0.0648999999999999,80.47999999999999,2,4,0,2,2,10,0.0,36.0961,-2.12
"2,2',3,4,5-PCB",Clc1cc(Cl)c(cc1Cl)c2cccc(Cl)c2Cl ,326.437,6.620600000000001,0.0,0,0,1,2,2,17,0.0,76.92800000000001,-7.21
Ancymidol,COc1ccc(cc1)C(O)(C2CC2)c3cncnc3 ,256.30499999999995,2.1311,55.24,1,4,4,2,3,19,0.3333333333333333,70.74880000000003,-2.596
Benzo(b)fluoranthene,c1ccc2c(c1)c3cccc4c3c2cc5ccccc54,252.31599999999997,5.640400000000003,0.0,0,0,0,4,5,20,0.0,85.88400000000003,-8.23
Carbanilide,O=C(Nc1ccccc1)Nc2ccccc2,212.25199999999998,3.3306000000000013,41.13,2,1,2,2,2,16,0.0,65.52540000000003,-3.15
phenobarbital,CCC1(C(=O)NC(=O)NC1=O)c2ccccc2 ,232.239,0.7003999999999997,75.27000000000001,2,3,2,1,2,17,0.25,60.09240000000002,-2.322
"2',3,4-PCB",Clc1ccc(cc1)c2cccc(Cl)c2Cl ,257.547,5.313800000000001,0.0,0,0,1,2,2,15,0.0,66.90800000000002,-6.29
Isoproturon,CC(C)c1ccc(NC(=O)N(C)C)cc1,206.289,2.903500000000001,32.34,1,1,2,1,1,15,0.4166666666666667,63.23670000000004,-3.536
Azintamide,CCN(CC)C(=O)CSc1ccc(Cl)nn1,259.762,2.0904999999999996,46.09,0,4,5,1,1,16,0.5,65.69400000000003,-1.716
"2,2-Dimethyl-1-butanol",CCC(C)(C)CO,102.17699999999998,1.4149,20.23,1,1,2,0,0,7,1.0,31.15779999999998,-1.04
Ethyl pentanoate,CCCOC(=O)CCC,130.18699999999998,1.7397,26.3,0,2,4,0,0,9,0.8571428571428571,36.157999999999994,-1.75
"2,4,6-Trinitrotoluene",Cc1c(cc(cc1N(=O)=O)N(=O)=O)N(=O)=O,227.13199999999998,1.7196200000000006,129.42000000000002,0,6,3,1,1,16,0.14285714285714285,51.1422,-3.22
Bensulide,CC(C)OP(=S)(OC(C)C)SCCNS(=O)(=O)c1ccccc1,397.52400000000006,3.7726000000000024,64.63,1,6,10,1,1,23,0.5714285714285714,100.81550000000004,-4.2
Cycloheptane,C1CCCCCC1,98.18900000000001,2.7307000000000015,0.0,0,0,0,0,1,7,1.0,32.31899999999998,-3.51
Propyl formate,CCCOC=O,88.10599999999998,0.5694,26.3,0,2,3,0,0,6,0.75,22.306999999999995,-0.49
2-Isopropyltoluene,CC(C)c1ccccc1C,134.22199999999995,3.118420000000002,0.0,0,0,1,1,1,10,0.4,45.26800000000003,-3.76
m-Chloroaniline,Nc1cccc(Cl)c1,127.574,1.9222,26.02,1,1,0,1,1,8,0.0,35.86440000000001,-1.37
"2,4-Dimethylpentane",CC(C)CC(C)C,100.20499999999998,2.6885000000000012,0.0,0,0,2,0,0,7,1.0,34.292999999999985,-4.26
Dibenzofurane,o1c2ccccc2c3ccccc13,168.195,3.586000000000002,13.14,0,1,0,3,3,13,0.0,53.72000000000003,-4.6
ethofumesate,CCOC2Oc1ccc(OS(C)(=O)=O)cc1C2(C)C,286.34900000000005,2.0576,61.830000000000005,0,5,4,1,2,19,0.5384615384615384,70.98180000000004,-3.42
Fluometuron,CN(C)C(=O)Nc1cccc(c1)C(F)(F)F,232.20499999999996,2.7989000000000006,32.34,1,1,1,1,1,16,0.3,54.14970000000002,-3.43
Acridine,c3ccc2nc1ccccc1cc2c3,179.22199999999998,3.3880000000000017,12.89,0,1,0,3,3,14,0.0,59.24900000000002,-3.67
Cortisone,CC12CC(=O)C3C(CCC4=CC(=O)CCC34C)C2CCC1(O)C(=O)CO,360.45000000000016,1.9898000000000002,91.67,2,5,2,0,4,26,0.7619047619047619,94.14260000000003,-3.11
glucose,OCC1OC(O)C(O)C(O)C1O,180.156,-3.2214000000000005,110.38000000000001,5,6,1,0,1,12,1.0,35.986,0.74
3-Methylphenol,Cc1cccc(O)c1,108.13999999999999,1.7006199999999998,20.23,1,1,0,1,1,8,0.14285714285714285,32.843799999999995,-0.68
Indapamide,CC2Cc1ccccc1N2NC(=O)c3ccc(Cl)c(c3)S(N)(=O)=O ,365.84200000000004,2.0834,92.5,2,4,3,2,3,24,0.1875,92.37840000000003,-3.5860000000000003
Lovastatin,CCC(C)C(=O)OC2CC(C)C=C3C=CC(C)C(CCC1CC(O)CC(=O)O1)C23 ,404.54700000000025,4.195500000000004,72.83,1,5,6,0,3,29,0.75,110.83780000000007,-6.005
"1,4-Dinitrobenzene",O=N(=O)c1ccc(cc1)N(=O)=O,168.10799999999995,1.503,86.28,0,4,2,1,1,12,0.0,39.75080000000001,-3.39
Reposal,CCC1(C(=O)NC(=O)NC1=O)C2=CCC3CCC2C3,262.30899999999997,1.4951999999999999,75.27000000000001,2,3,2,0,3,19,0.6428571428571429,67.93640000000002,-2.696
Ethyl decanoate,CCCCCCCCCC(=O)OCC,200.32199999999997,3.6902000000000026,26.3,0,2,9,0,0,14,0.9166666666666666,59.24300000000005,-4.1
Fenuron,CN(C)C(=O)Nc1ccccc1,164.208,1.7801,32.34,1,1,1,1,1,12,0.2222222222222222,49.14770000000003,-1.6
Ethyl propyl ether,CCCOCC,88.14999999999999,1.4329,9.23,0,1,3,0,0,6,1.0,26.78399999999999,-0.66
2-Propanol,CC(C)O,60.096000000000004,0.38710000000000006,20.23,1,1,0,0,0,4,1.0,17.354800000000004,0.43
2-Methylnapthalene,Cc1ccc2ccccc2c1,142.201,3.148220000000001,0.0,0,0,0,2,2,11,0.09090909090909091,48.685000000000024,-3.77
Chlorodibromethane,ClC(Br)Br,208.28,2.2986000000000004,0.0,0,0,0,0,0,4,1.0,27.494999999999997,-1.9
Hexestrol,CCC(C(CC)c1ccc(O)cc1)c2ccc(O)cc2,270.372,4.785200000000005,40.46,2,2,5,2,2,20,0.3333333333333333,82.27760000000004,-4.43
Malathion,CCOC(=O)CC(SP(=S)(OC)OC)C(=O)OCC,330.3640000000001,2.1218000000000004,71.06,0,8,9,0,0,19,0.8,77.56500000000004,-3.37
Benzylchloride,ClCc1ccccc1,126.58599999999996,2.4254000000000007,0.0,0,0,1,1,1,8,0.14285714285714285,35.99900000000001,-2.39
t-Crotonaldehyde,C/C=C/C=O,70.09100000000001,0.7614000000000001,17.07,0,1,1,0,0,5,0.25,20.877999999999993,0.32
Chlorbromuron,CON(C)C(=O)Nc1ccc(Br)c(Cl)c1,293.548,3.127600000000002,41.57,1,2,2,1,1,15,0.2222222222222222,62.94270000000002,-3.924
"9,10-Dimethylanthracene",Cc1c2ccccc2c(C)c3ccccc13,206.28799999999998,4.609840000000004,0.0,0,0,0,3,3,16,0.125,70.92800000000004,-6.57
Methyl hexanoate,CCCCCC(=O)OC,130.18699999999998,1.7397,26.3,0,2,4,0,0,9,0.8571428571428571,36.157999999999994,-1.87
Dimefuron,CN(C)C(=O)Nc1ccc(c(Cl)c1)n2nc(oc2=O)C(C)(C)C,338.79500000000013,2.8699000000000012,80.37,1,4,2,2,2,23,0.4,88.51570000000004,-4.328
p-Fluoroacetanilide,CC(=O)Nc1ccc(F)cc1,153.156,1.7840999999999998,29.1,1,1,1,1,1,11,0.125,40.70370000000002,-1.78
alachlor,CCc1cccc(CC)c1N(COC)C(=O)CCl ,269.77199999999993,2.9871000000000016,29.54,0,2,6,1,1,18,0.5,75.28000000000004,-3.26
Cyclohexene,C1CCC=CC1,82.146,2.1166,0.0,0,0,0,0,1,6,0.6666666666666666,27.607999999999986,-2.59
Hydrocortisone ,CC12CC(O)C3C(CCC4=CC(=O)CCC34C)C2CCC1(O)C(=O)CO,362.4660000000002,1.7815999999999996,94.83,3,5,2,0,4,26,0.8095238095238095,95.14240000000004,-3.09
Pyrimidine,c1cncnc1,80.08999999999999,0.4765999999999999,25.78,0,2,0,1,1,6,0.0,22.031999999999996,1.1
p-Chloronitrobenzene,Clc1ccc(cc1)N(=O)=O,157.55599999999998,2.2482000000000006,43.14,0,2,1,1,1,10,0.0,38.106400000000015,-2.92
Methyl propionate,CCC(=O)OC,88.106,0.5694,26.3,0,2,1,0,0,6,0.75,22.30699999999999,-0.14
o-Chloronitrobenzene,Clc1ccccc1N(=O)=O,157.55599999999998,2.2481999999999998,43.14,0,2,1,1,1,10,0.0,38.106400000000015,-2.55
Neburon,CCCCN(C)C(=O)Nc1ccc(Cl)c(Cl)c1,275.179,4.257200000000004,32.34,1,1,4,1,1,17,0.4166666666666667,73.01870000000004,-4.77
Buthidazole,CN1CC(O)N(C1=O)c2nnc(s2)C(C)(C)C,256.33099999999996,1.0257999999999998,69.56,1,5,1,1,2,17,0.7,65.12080000000003,-1.877
Nitrobenzene,O=N(=O)c1ccccc1,123.11099999999996,1.5948,43.14,0,2,1,1,1,9,0.0,33.0964,-1.8
Iodobenzene,Ic1ccccc1,204.01000000000002,2.2912,0.0,0,0,0,1,1,7,0.0,39.15900000000001,-3.01
Metolazone,CC2Nc1cc(Cl)c(cc1C(=O)N2c3ccccc3C)S(N)(=O)=O ,365.8420000000001,2.7141199999999994,92.5,2,4,2,2,3,24,0.1875,93.89840000000002,-3.78
Methocarbamol,COc1ccccc1OCC(O)COC(N)=O,241.24299999999994,0.5302000000000002,91.00999999999999,2,5,6,1,1,17,0.36363636363636365,60.03120000000003,-0.985
butachlor,CCCCOCN(C(=O)CCl)c1c(CC)cccc1CC ,311.85300000000007,4.1574000000000035,29.54,0,2,9,1,1,21,0.5882352941176471,89.13100000000006,-4.19
"2,3-Dichlorophenol",Oc1cccc(Cl)c1Cl,163.003,2.699,20.23,1,1,0,1,1,9,0.0,38.12680000000001,-1.3
Propyl butyrate,CCCC(=O)OC,102.13299999999998,0.9595,26.3,0,2,2,0,0,7,0.8,26.923999999999985,-1.92
Propanil,CCC(=O)Nc1ccc(Cl)c(Cl)c1,218.08299999999997,3.3419000000000016,29.1,1,1,2,1,1,13,0.2222222222222222,55.38270000000002,-3.0
Triamterene,Nc3nc(N)c2nc(c1ccccc1)c(N)nc2n3,253.26900000000003,0.8334000000000001,129.62,3,7,1,3,3,19,0.0,73.8012,-2.404
Ethyl hexanoate,CCCCCC(=O)OCC,144.21399999999997,2.1298000000000004,26.3,0,2,5,0,0,10,0.875,40.775000000000006,-2.35
chloralose,OCC(O)C2OC1OC(OC1C2O)C(Cl)(Cl)Cl ,309.529,-0.46289999999999937,88.38000000000001,3,6,2,0,2,17,1.0,57.796400000000034,-1.84
Amitraz,CN(C=Nc1ccc(C)cc1C)C=Nc2ccc(C)cc2C,293.41400000000004,4.871880000000004,27.96,0,2,4,2,2,22,0.2631578947368421,95.89900000000004,-5.47
Prometon,COc1nc(NC(C)C)nc(NC(C)C)n1,225.296,1.5208,71.96000000000001,2,6,5,1,1,16,0.7,63.896400000000035,-2.478
1-Octene ,CCCCCCC=C,112.216,3.142800000000002,0.0,0,0,5,0,0,8,0.75,38.955999999999996,-4.44
p-Methylaniline ,Cc1ccc(N)cc1,107.156,1.5772199999999998,26.02,1,1,0,1,1,8,0.14285714285714285,35.5914,-1.21
aminothiazole,Nc1nccs1 ,100.14599999999999,0.7253000000000001,38.91,1,3,0,1,1,6,0.0,26.5264,-0.36
Metolcarb,c1ccccc1(OC(=O)NC),151.165,1.4048,38.33,1,2,1,1,1,11,0.125,41.525700000000015,-1.803
3-Hexanol,CCCC(O)CC,102.17699999999999,1.5574,20.23,1,1,3,0,0,7,1.0,31.205799999999982,-0.8
9-anthrol,c3ccc2c(O)c1ccccc1cc2c3 ,194.23299999999998,3.6986000000000017,20.23,1,1,0,3,3,15,0.0,63.11880000000002,-4.73
2-Methylanthracene,Cc1ccc2cc3ccccc3cc2c1,192.261,4.301420000000002,0.0,0,0,0,3,3,15,0.06666666666666667,66.19100000000002,-6.96
"1,2,3-Trimethylbenzene ",Cc1cccc(C)c1C,120.195,2.611860000000001,0.0,0,0,0,1,1,9,0.3333333333333333,40.65300000000001,-3.2
Aminocarb,CNC(=O)Oc1ccc(N(C)C)c(C)c1,208.26099999999997,1.77922,41.57,1,3,2,1,1,15,0.36363636363636365,60.58970000000003,-2.36
2-Nonanol,CCCCCCCC(C)O,144.258,2.727700000000002,20.23,1,1,6,0,0,10,1.0,45.05680000000002,-2.74
Methyldymron,CN(C(=O)NC(C)(C)c1ccccc1)c2ccccc2,268.36,3.767700000000003,32.34,1,1,3,2,2,20,0.23529411764705882,82.84470000000005,-3.35
3-Hexanone,CCCC(=O)CC,100.16099999999999,1.7656,17.07,0,1,3,0,0,7,0.8333333333333334,30.20599999999998,-0.83
bromoxynil,Oc1c(Br)cc(C#N)cc1Br ,276.91499999999996,2.78888,44.019999999999996,1,2,0,1,1,11,0.0,48.22180000000001,-3.33
"3,4-PCB",Clc1ccc(cc1Cl)c2ccccc2 ,223.102,4.660400000000002,0.0,0,0,1,2,2,14,0.0,61.89800000000003,-6.39
Mefenacet,CN(C(=O)COc1nc2ccccc2s1)c3ccccc3,298.367,3.3381000000000016,42.43000000000001,0,4,4,3,3,21,0.125,84.96700000000003,-4.873
5-hydroxyquinoline,Oc1cccc2ncccc12 ,145.161,1.9404,33.120000000000005,1,2,0,2,2,11,0.0,43.407800000000016,-2.54
Carboxin,CC1=C(SCCO1)C(=O)Nc2ccccc2,235.30800000000002,2.620000000000001,38.33,1,3,2,1,2,16,0.25,66.18170000000003,-3.14
Ethoxyzolamide,CCOc2ccc1nc(sc1c2)S(N)(=O)=O ,258.324,1.3424,82.28,1,5,3,2,2,16,0.2222222222222222,62.16220000000003,-3.81
Pentachlorophenol,Oc1c(Cl)c(Cl)c(Cl)c(Cl)c1Cl,266.33799999999997,4.6592,20.23,1,1,0,1,1,12,0.0,53.15680000000001,-4.28
Bromochloromethane,ClCBr,129.384,1.5776,0.0,0,0,0,0,0,3,1.0,19.647,-0.89
metharbital,CCC1(CC)C(=O)NC(=O)N(C)C1=O ,198.22199999999998,0.5009999999999999,66.48,1,3,2,0,1,14,0.6666666666666666,49.323700000000024,-2.23
deoxycorticosterone acetate,CC(=O)OCC(=O)C3CCC4C2CCC1=CC(=O)CCC1(C)C2CCC34C ,372.5050000000002,4.266700000000004,60.440000000000005,0,4,3,0,4,27,0.782608695652174,101.84000000000006,-4.63
benzylurea,NC(=O)NCc1ccccc1 ,150.18099999999998,0.8548999999999998,55.120000000000005,2,1,2,1,1,11,0.125,42.86510000000001,-0.95
Chlortoluron,CN(C)C(=O)Nc1ccc(C)c(Cl)c1,212.67999999999998,2.7419200000000012,32.34,1,1,1,1,1,14,0.3,58.89470000000003,-3.483
Linuron,CON(C)C(=O)Nc1ccc(Cl)c(Cl)c1,249.09699999999998,3.0185000000000013,41.57,1,2,2,1,1,15,0.2222222222222222,60.252700000000026,-3.592
Cycloheptanol,OC1CCCCCC1,114.188,1.7015,20.23,1,1,0,0,1,8,1.0,33.70879999999999,-0.88
Thiamphenicol,CS(=O)(=O)c1ccc(cc1)C(O)C(CO)NC(=O)C(Cl)Cl ,356.2270000000001,0.40430000000000027,103.70000000000002,3,5,6,1,1,21,0.4166666666666667,79.02210000000002,-2.154
thiopental,CCCC(C)C1(CC)C(=O)NC(=S)NC1=O ,242.34400000000002,1.3498999999999999,58.2,2,3,4,0,1,16,0.7272727272727273,65.67940000000003,-3.36
acetazolamide,CC(=O)Nc1nnc(s1)S(N)(=O)=O ,222.251,-0.8561000000000003,115.03999999999999,2,6,2,1,1,13,0.25,45.5859,-2.36
p-Nitrophenol,Oc1ccc(cc1)N(=O)=O,139.10999999999999,1.3003999999999998,63.37,1,3,1,1,1,10,0.0,34.76120000000001,-0.74
Aldrin,ClC1=C(Cl)C2(Cl)C3C4CC(C=C4)C3C1(Cl)C2(Cl)Cl,364.914,5.270200000000002,0.0,0,0,0,0,4,18,0.6666666666666666,78.05400000000002,-6.307
Tetrahydrofurane ,C1CCOC1,72.107,0.7968,9.23,0,1,0,0,1,5,1.0,20.052999999999997,0.49
o-Nitroaniline,Nc1ccccc1N(=O)=O,138.126,1.177,69.16,1,3,1,1,1,10,0.0,37.50880000000001,-1.96
"2,2',3,3'-PCB",Clc1cccc(c1Cl)c2cccc(Cl)c2Cl,291.99199999999996,5.967200000000002,0.0,0,0,1,2,2,16,0.0,71.91800000000002,-7.28
phenylbutazone,CCCCC1C(=O)N(N(C1=O)c2ccccc2)c3ccccc3 ,308.38100000000003,3.7878000000000025,40.620000000000005,0,2,5,2,3,23,0.2631578947368421,90.87100000000004,-3.81
"2,6-Dinitrotoluene",Cc1c(cccc1N(=O)=O)N(=O)=O,182.135,1.8114200000000005,86.28,0,4,2,1,1,13,0.14285714285714285,44.487800000000014,-3.0
Progesterone,CC(=O)C1CCC2C3CCC4=CC(=O)CCC4(C)C3CCC12C,314.46900000000005,4.723500000000005,34.14,0,2,1,0,4,23,0.8095238095238095,90.88100000000006,-4.42
Chlorazine,CCN(CC)c1nc(Cl)nc(n1)N(CC)CC,257.76899999999995,2.2173999999999996,45.150000000000006,0,5,6,1,1,17,0.7272727272727273,71.95900000000005,-4.4110000000000005
captafol,ClC(Cl)C(Cl)(Cl)SN2C(=O)C1CC=CCC1C2=O ,349.06600000000014,3.520900000000001,37.38,0,3,3,0,2,18,0.6,74.72900000000001,-5.4
"1,2,4-tribromobenzene",c1(Br)c(Br)cc(Br)cc1,314.802,3.974100000000001,0.0,0,0,0,1,1,9,0.0,49.54200000000001,-4.5
Oxazepam,OC3N=C(c1ccccc1)c2cc(Cl)ccc2NC3=O ,286.718,2.4478999999999997,61.690000000000005,2,3,1,2,3,20,0.06666666666666667,78.16950000000003,-3.952
Secobarbital,O=C1NC(=O)NC(=O)C1(C(C)CCC)CC=C,238.28699999999995,1.3510999999999993,75.27000000000001,2,3,5,0,1,17,0.5833333333333334,63.00040000000003,-2.356
Carvacrol,c1(O)c(C)ccc(C(C)C)c1,150.22099999999998,2.824020000000001,20.23,1,1,1,1,1,11,0.4,46.932800000000036,-2.08
rhodanine,C1SC(=S)NC1(=O),133.197,0.13429999999999997,29.1,1,3,0,0,1,7,0.3333333333333333,33.198699999999995,-1.77
Morin,Oc1ccc(c(O)c1)c3oc2cc(O)cc(O)c2c(=O)c3O ,302.23800000000006,1.9879999999999995,131.35999999999999,5,7,1,3,3,22,0.0,76.244,-3.083
Kepone,ClC1(C(=O)C2(Cl)C3(Cl)C14Cl)C5(Cl)C2(Cl)C3(Cl)C(Cl)(Cl)C45Cl,490.6390000000001,4.6182,17.07,0,1,0,0,6,21,0.9,88.11599999999999,-5.2589999999999995
Disulfiram,CCN(CC)C(=S)SSC(=S)N(CC)CC,296.5520000000001,3.6212000000000026,6.48,0,4,4,0,0,16,0.8,86.22000000000004,-4.86
Cyclohexane,C1CCCCC1,84.162,2.3406000000000002,0.0,0,0,0,0,1,6,1.0,27.701999999999984,-3.1
Dienochlor,ClC1=C(Cl)C(Cl)(C(=C1Cl)Cl)C2(Cl)C(=C(Cl)C(=C2Cl)Cl)Cl,474.64,7.725599999999999,0.0,0,0,1,0,2,20,0.2,92.09599999999999,-7.278
chlordimeform,CN(C)C=Nc1ccc(Cl)cc1C,196.68099999999998,2.8698200000000007,15.6,0,1,2,1,1,13,0.3,58.028000000000034,-2.86
Equilenin,CC34CCc1c(ccc2cc(O)ccc12)C3CCC4=O,266.34,3.9444000000000026,37.3,1,2,0,2,4,20,0.3888888888888889,79.02280000000003,-5.24
1-Octanol,CCCCCCCCO,130.23100000000002,2.3392000000000013,20.23,1,1,6,0,0,9,1.0,40.461800000000004,-2.39
Diethyl sulfide,CCSCC,90.191,1.7593999999999999,0.0,0,1,2,0,0,5,1.0,28.672999999999988,-1.34
"1,2-Dichloroethane",ClCCCl,98.96000000000001,1.464,0.0,0,0,1,0,0,4,1.0,21.439999999999994,-1.06
2-Chloro-2-methylbutane,CCC(C)(C)Cl,106.59599999999999,2.4138,0.0,0,0,1,0,0,6,1.0,30.222999999999985,-2.51
1-Chloro-2-bromoethane,ClCCBr,143.411,1.6200999999999999,0.0,0,0,1,0,0,4,1.0,24.513999999999996,-1.32
p-Nitroaniline,Nc1ccc(cc1)N(=O)=O,138.126,1.177,69.16,1,3,1,1,1,10,0.0,37.508800000000015,-2.37
Lactose,OCC1OC(OC2C(O)C(O)C(O)OC2CO)C(O)C(O)C1O,342.297,-5.397199999999993,189.52999999999997,8,11,4,0,2,23,1.0,68.61940000000004,-0.244
RTI 2,CCN2c1ncccc1N(CC)C(=O)c3cccnc23 ,268.32,2.614700000000001,49.330000000000005,0,4,2,2,3,20,0.26666666666666666,78.50450000000004,-2.86
Chlorobenzene,Clc1ccccc1,112.55899999999997,2.34,0.0,0,0,0,1,1,7,0.0,31.451999999999998,-2.38
1-Nonene ,CCCCCCCC=C,126.243,3.5329000000000024,0.0,0,0,6,0,0,9,0.7777777777777778,43.57300000000001,-5.05
p-Bromoiodobenzene,Brc1ccc(I)cc1,282.90599999999995,3.053700000000001,0.0,0,0,0,1,1,8,0.0,46.85900000000001,-4.56
3-Methyl-3-pentanol,CCC(C)(O)CC,102.17699999999998,1.5574,20.23,1,1,2,0,0,7,1.0,31.205799999999982,-0.36
Pentylbenzene,CCCCCc1ccccc1,148.249,3.4193000000000024,0.0,0,0,4,1,1,11,0.45454545454545453,49.67100000000004,-4.64
allantoin,NC(=O)NC1NC(=O)NC1=O ,158.117,-2.1798,113.32,4,3,1,0,1,11,0.25,33.18149999999999,-1.6
Glafenine,OCC(O)COC(=O)c1ccccc1Nc2ccnc3cc(Cl)ccc23,372.80800000000016,3.141800000000001,91.67999999999999,3,6,6,3,3,26,0.15789473684210525,99.85280000000002,-4.571000000000001
DDD,ClC(Cl)C(c1ccc(Cl)cc1)c2ccc(Cl)cc2,320.04600000000005,5.929000000000003,0.0,0,0,3,2,2,18,0.14285714285714285,80.24100000000003,-7.2
testosterone acetate,CC(=O)OC3CCC4C2CCC1=CC(=O)CCC1(C)C2CCC34C ,330.4680000000001,4.450000000000004,43.370000000000005,0,3,1,0,4,24,0.8095238095238095,92.26400000000005,-5.184
1-Chloronapthalene,Clc1cccc2ccccc12,162.61899999999997,3.4932000000000016,0.0,0,0,0,2,2,11,0.0,48.95800000000003,-3.93
RTI 19,CCN2c1ccccc1N(C)C(=O)c3ccccc23 ,252.31699999999995,3.4346000000000023,23.55,0,2,1,2,3,19,0.1875,78.29750000000004,-4.749
2-Hexanol,CCCCC(C)O,102.17699999999998,1.5574,20.23,1,1,3,0,0,7,1.0,31.205799999999982,-0.89
Propylcyclopentane,CCCC1CCCC1,112.21600000000001,2.976700000000002,0.0,0,0,2,0,1,8,1.0,36.86599999999999,-4.74
Etomidate,CCOC(=O)c1cncn1C(C)c2ccccc2,244.294,2.669100000000001,44.12,0,3,4,2,2,18,0.2857142857142857,68.43850000000003,-4.735
"3,4-Dichlorophenol",Oc1ccc(Cl)c(Cl)c1,163.00300000000001,2.6990000000000007,20.23,1,1,0,1,1,9,0.0,38.12680000000001,-1.25
Cypermethrin,CC1(C)C(C=C(Cl)Cl)C1C(=O)OC(C#N)c2cccc(Oc3ccccc3)c2,416.30400000000014,6.177980000000004,59.32000000000001,0,4,6,2,3,28,0.2727272727272727,107.95400000000001,-8.017000000000001
Benzoxazole,c2ccc1ocnc1c2,119.12299999999998,1.8277999999999999,26.03,0,2,0,2,2,9,0.0,34.009,-1.16
1-Pentanol,CCCCCO,88.14999999999999,1.1689,20.23,1,1,3,0,0,6,1.0,26.61079999999999,-0.6
"N,N-Diethylaniline",CCN(CC)c1ccccc1,149.237,2.532800000000001,3.24,0,1,3,1,1,11,0.4,50.003000000000036,-3.03
"1,3-Difluorobenzene",Fc1cccc(F)c1,114.094,1.9648,0.0,0,0,0,1,1,8,0.0,26.357999999999997,-2.0
3-chloropropionitrile,ClCCC#N ,89.525,1.1388800000000001,23.79,0,1,1,0,0,5,0.6666666666666666,20.949999999999996,-0.29
t-Pentylbenzene,CC(C)(C)Cc1ccccc1,148.249,3.2752000000000017,0.0,0,0,1,1,1,11,0.45454545454545453,49.60100000000004,-4.15
5-Ethyl-5-phenylbarbital,O=C1NC(=O)NC(=O)C1(CC)c1ccccc1,232.239,0.7003999999999997,75.27000000000001,2,3,2,1,2,17,0.25,60.092400000000026,-2.322
o-Chloroiodobenzene,Clc1ccccc1I,238.45499999999998,2.9446000000000003,0.0,0,0,0,1,1,8,0.0,44.16900000000001,-3.54
Benzotriazole,c2ccc1[nH]nnc1c2,119.127,0.9578999999999998,41.57,1,2,0,2,2,9,0.0,33.88869999999999,-0.78
Carbofuran,CNC(=O)Oc1cccc2CC(C)(C)Oc12,221.25599999999994,2.1183,47.56,1,3,1,1,2,16,0.4166666666666667,59.93670000000004,-2.8
"2,6-Dimethylphenol",Cc1cccc(C)c1O,122.16699999999999,2.00904,20.23,1,1,0,1,1,9,0.25,37.5808,-1.29
3-Methyl-2-butanol,CC(C)C(C)O,88.14999999999999,1.0231999999999999,20.23,1,1,1,0,0,6,1.0,26.518799999999988,-0.18
benzhydrol,c1ccccc1C(O)c2ccccc2,184.238,2.768300000000001,20.23,1,1,2,2,2,14,0.07692307692307693,56.945800000000034,-2.55
Methyl decanoate,CCCCCCCCCC(=O)OC,186.295,3.3001000000000023,26.3,0,2,8,0,0,13,0.9090909090909091,54.62600000000005,-4.69
Dicapthon,COP(=S)(OC)Oc1ccc(cc1Cl)N(=O)=O,297.656,3.144300000000002,70.83000000000001,0,6,5,1,1,17,0.25,67.0374,-4.31
1-Bromo-2-methylpropane,CC(C)CBr,137.01999999999998,2.0373,0.0,0,0,1,0,0,5,1.0,28.631999999999987,-2.43
Iodoethane,CCI,155.966,1.4413,0.0,0,0,0,0,0,3,1.0,24.560999999999993,-1.6
Pirimicarb,CN(C)C(=O)Oc1nc(nc(C)c1C)N(C)C,238.29099999999997,1.2198399999999998,58.56000000000001,0,5,2,1,1,17,0.5454545454545454,65.54400000000004,-1.95
1-Bromohexane,CCCCCCBr,165.074,2.9616000000000016,0.0,0,0,4,0,0,7,1.0,37.936,-3.81
2-Methylpentane,CCCC(C)C,86.178,2.442500000000001,0.0,0,0,2,0,0,6,1.0,29.74599999999998,-3.74
Tetrafluthrin,Cc1c(F)c(F)c(COC(=O)C2C(C=C(Cl)C(F)(F)F)C2(C)C)c(F)c1F,418.7360000000001,5.551820000000002,26.3,0,2,4,1,2,27,0.47058823529411764,81.55900000000003,-7.321000000000001
Metolachlor,CCc1cccc(C)c1N(C(C)COC)C(=O)CCl ,283.7989999999999,3.1641200000000014,29.54,0,2,6,1,1,19,0.5333333333333333,80.10100000000004,-2.73
nifuroxime,ON=Cc1ccc(o1)N(=O)=O ,156.09699999999998,0.9959,88.87,1,5,2,1,1,11,0.0,34.74290000000001,-2.19
Fluvalinate,CC(C)C(Nc1ccc(cc1Cl)C(F)(F)F)C(=O)OC(C#N)c2cccc(Oc3ccccc3)c2,502.9200000000002,7.395680000000005,71.35,1,5,8,3,3,35,0.23076923076923078,126.10669999999999,-8.003
Amitrole,Nc1nc[nH]n1,84.082,-0.6131000000000002,67.59,2,3,0,1,1,6,0.0,20.795100000000005,0.522
Tribromomethane,BrC(Br)Br,252.731,2.4547,0.0,0,0,0,0,0,4,1.0,30.569,-1.91
Trichlorfon,COP(=O)(OC)C(O)C(Cl)(Cl)Cl,257.437,2.1609000000000003,55.760000000000005,1,4,3,0,0,12,1.0,47.92130000000002,-0.22
Phosalone,CCOP(=S)(OCC)SCn1c(=O)oc2cc(Cl)ccc12,367.8160000000001,4.236100000000003,53.6,0,6,7,2,2,21,0.4166666666666667,90.61200000000002,-5.233
Phenylmethanol,OCc1ccccc1,108.13999999999997,1.1789,20.23,1,1,1,1,1,8,0.14285714285714285,32.364799999999995,-0.4
Coumatetralyl,O=c2c(C3CCCc4ccccc43)c(O)c1ccccc1o2 ,292.33400000000006,3.9668000000000028,50.44,1,3,1,3,4,22,0.21052631578947367,85.37180000000004,-2.84
4-Bromophenol,Oc1ccc(Br)cc1,173.00900000000001,2.1547,20.23,1,1,0,1,1,8,0.0,35.80680000000001,-1.09
2-Bromopropane,CC(C)Br,122.993,1.7897,0.0,0,0,0,0,0,4,1.0,24.06299999999999,-1.59
"2,2,4-Trimethylpentane",CC(C)CC(C)(C)C,114.23199999999999,3.0786000000000016,0.0,0,0,1,0,0,8,1.0,38.91,-4.74
"1,3,5-Trinitrobenzene",O=N(=O)c1cc(cc(c1)N(=O)=O)N(=O)=O,213.10499999999996,1.4112,129.42000000000002,0,6,3,1,1,15,0.0,46.4052,-2.89
Nimetazepam,CN2C(=O)CN=C(c1ccccc1)c3cc(ccc23)N(=O)=O,295.29800000000006,2.4086000000000007,75.81,0,4,2,2,3,22,0.125,83.45440000000005,-3.796
Propane,CCC,44.096999999999994,1.4163,0.0,0,0,0,0,0,3,1.0,15.965000000000003,-1.94
Minoxidil,Nc1cc(nc(N)n1=O)N2CCCCC2 ,209.25299999999996,-0.1303000000000003,95.10999999999999,2,5,1,1,2,15,0.5555555555555556,58.08580000000001,-1.989
1-aminoacridine,Nc2cccc3nc1ccccc1cc23 ,194.23700000000002,2.970200000000001,38.91,1,2,0,3,3,15,0.0,63.661400000000015,-4.22
Benzo(k)fluoranthene,c1ccc2cc3c4cccc5cccc(c3cc2c1)c45,252.31599999999997,5.640400000000003,0.0,0,0,0,4,5,20,0.0,85.88400000000003,-8.49
Dicofol,OC(c1ccc(Cl)cc1)(c2ccc(Cl)cc2)C(Cl)(Cl)Cl,370.49,5.599500000000002,20.23,1,1,2,2,2,20,0.14285714285714285,86.1928,-5.666
Acenapthene,C1Cc2cccc3cccc1c23,154.21199999999996,2.9384000000000015,0.0,0,0,0,2,3,12,0.16666666666666666,51.35600000000002,-4.63
Dialifos,CCOP(=S)(OCC)SC(CCl)N2C(=O)c1ccccc1C2=O,393.85400000000016,3.878200000000003,55.84,0,6,8,1,2,23,0.42857142857142855,96.57800000000005,-6.34
"1,4-Dibromobenzene",Brc1ccc(Br)cc1,235.90599999999998,3.2116000000000007,0.0,0,0,0,1,1,8,0.0,41.842000000000006,-4.07
Methazole,Cn2c(=O)on(c1ccc(Cl)c(Cl)c1)c2=O,261.064,1.4359999999999997,57.14,0,3,1,2,2,16,0.1111111111111111,59.56600000000002,-2.82
p-Phenylphenol,Oc1ccc(cc1)c2ccccc2,170.211,3.0592000000000015,20.23,1,1,1,2,2,13,0.0,53.54280000000003,-3.48
pyracarbolid,CC1=C(CCCO1)C(=O)Nc2ccccc2 ,217.26800000000003,2.709500000000001,38.33,1,2,2,1,2,16,0.3076923076923077,62.95770000000004,-2.56
Ethyl vinyl ether,CCOC=C,72.10700000000001,1.1664,9.23,0,1,2,0,0,5,0.5,21.822999999999993,-0.85
1-Butyne,CCC#C,54.09199999999999,1.0295999999999998,0.0,0,0,0,0,0,4,0.5,19.124,-1.24
4-methoxypteridine,COc1ncnc2nccnc12 ,162.15200000000002,0.4283999999999998,60.790000000000006,0,5,1,2,2,12,0.14285714285714285,41.68000000000001,-1.11
3-Methyl-3-heptanol,CCCCC(C)(O)CC,130.23099999999997,2.3376,20.23,1,1,4,0,0,9,1.0,40.439800000000005,-1.6
"1,4-Dichlorobenzene",Clc1ccc(Cl)cc1,147.00400000000002,2.993400000000001,0.0,0,0,0,1,1,8,0.0,36.46200000000001,-3.27
3-Ethanoyloxymethylphenytoin,O=C1N(COC(=O)C)C(=O)C(N1)(c2ccccc2)c3ccccc3,324.33600000000007,2.0025999999999993,75.71,1,4,4,2,3,24,0.16666666666666666,85.67470000000003,-4.47
"Sparsomycin (3,8mg/ml)",CSCS(=O)CC(CO)NC(=O)C=Cc1c(C)[nH]c(=O)[nH]c1=O,361.4450000000001,-1.068879999999999,132.11999999999998,4,6,8,1,1,23,0.46153846153846156,91.86230000000003,-1.981
3-methylindole,Cc1c[nH]c2ccccc12 ,131.17799999999997,2.4763200000000003,15.79,1,0,0,2,2,10,0.1111111111111111,43.03570000000002,-2.42
2-methoxypteridine,COc2ncc1nccnc1n2,162.152,0.42839999999999984,60.790000000000006,0,5,1,2,2,12,0.14285714285714285,41.68000000000001,-1.11
Dioxacarb,CNC(=O)Oc1ccccc1C2OCCO2,223.22799999999995,1.4502,56.790000000000006,1,4,2,1,2,16,0.36363636363636365,56.17070000000003,-1.57
isocarbamid,C1N(C(=O)NCC(C)C)C(=O)NC1,185.22699999999998,0.37720000000000026,61.440000000000005,2,2,2,0,1,13,0.75,48.34140000000002,-2.15
Acetonitrile,CC#N,41.053,0.52988,23.79,0,1,0,0,0,3,0.5,11.287,0.26
Fenoxycarb,CCOC(=O)NCCOc2ccc(Oc1ccccc1)cc2,301.34200000000004,3.6038000000000023,56.790000000000006,1,4,7,2,2,22,0.23529411764705882,83.47770000000004,-4.7
acetyl sulfisoxazole,CC(=O)N(S(=O)c1ccc(N)cc1)c2onc(C)c2C ,293.34800000000007,1.9493400000000003,89.43,1,5,3,2,2,20,0.23076923076923078,76.39980000000003,-3.59
"1,1,1,2-Tetrachloroethane",ClCC(Cl)(Cl)Cl,167.85,2.5954000000000006,0.0,0,0,0,0,0,6,1.0,31.009999999999998,-2.18
1-Butanol,CCCCO,74.12299999999999,0.7787999999999999,20.23,1,1,2,0,0,5,1.0,21.993799999999997,0.0
Siduron,CC1CCCCC1NC(=O)Nc2ccccc2,232.32700000000003,3.386800000000001,41.13,2,1,2,1,2,17,0.5,70.01640000000005,-4.11
"1,3,5-Trichlorobenzene",Clc1cc(Cl)cc(Cl)c1,181.449,3.6468000000000007,0.0,0,0,0,1,1,9,0.0,41.47200000000001,-4.48
Furfural,O=Cc1ccco1,96.08499999999998,1.0920999999999998,30.21,0,2,1,1,1,7,0.0,24.095499999999994,-0.1
3-Methylbutan-1-ol,CC(C)CCO,88.14999999999999,1.0248,20.23,1,1,2,0,0,6,1.0,26.54079999999999,-0.51
piperonal,O=Cc2ccc1OCOc1c2 ,150.13299999999998,1.2278,35.53,0,3,1,1,2,11,0.125,37.95250000000001,-1.63
2-Methylpropene,CC(=C)C,56.108000000000004,1.5824,0.0,0,0,0,0,0,4,0.5,20.487999999999996,-2.33
Benzaldehyde,O=Cc1ccccc1,106.12399999999997,1.4990999999999999,17.07,0,1,1,1,1,8,0.0,31.829499999999992,-1.19
"2,3-Dimethyl-1,3-Butadiene",CC(=C)C(=C)C,82.146,2.1386000000000003,0.0,0,0,1,0,0,6,0.3333333333333333,29.627999999999986,-2.4
Benfuracarb,CCOC(=O)CCN(SN(C)C(=O)Oc1cccc2CC(C)(C)Oc21)C(C)C,410.53600000000023,4.057500000000004,68.31,0,7,8,1,2,28,0.6,109.32300000000006,-4.71
RTI 10,O2c1ccccc1N(C)C(=O)c3cccnc23 ,226.235,2.4639000000000006,42.43,0,3,0,2,3,17,0.07692307692307693,63.48650000000002,-3.672
Fluorene ,C1c2ccccc2c3ccccc13,166.22299999999998,3.2578000000000014,0.0,0,0,0,2,3,13,0.07692307692307693,54.684000000000026,-5.0
Methylcyclohexane ,CC1CCCCC1,98.18900000000001,2.5866000000000007,0.0,0,0,0,0,1,7,1.0,32.24899999999998,-3.85
sulfaguanidine,NC(=N)NS(=O)(=O)c1ccc(N)cc1 ,214.25,-0.5594299999999999,122.05999999999999,4,4,2,1,1,14,0.0,53.09,-1.99
Methylparaben,COC(=O)c1ccc(O)cc1,152.149,1.1788,46.53,1,3,1,1,1,11,0.125,39.446300000000015,-1.827
2-Methyltetrahydrofurane,CC1CCCO1,86.134,1.1853,9.23,0,1,0,0,1,6,1.0,24.64799999999999,0.11
Santonin,CC3C2CCC1(C)C=CC(=O)C(=C1C2OC3=O)C,246.30599999999995,2.419600000000001,43.370000000000005,0,3,0,0,3,18,0.6,66.72200000000002,-3.09
Salicin,OCC2OC(Oc1ccccc1CO)C(O)C(O)C2O,286.28,-1.6424000000000003,119.61000000000001,5,7,4,1,2,20,0.5384615384615384,66.76000000000003,-0.85
1-Iodopropane,CCCI,169.993,1.8314,0.0,0,0,1,0,0,4,1.0,29.17799999999999,-2.29
Ametryn,CCNc1nc(NC(C)C)nc(SC)n1,227.337,1.8455999999999997,62.730000000000004,2,6,5,1,1,15,0.6666666666666666,64.53040000000003,-3.04
1-Propanol,CCCO,60.096,0.3887,20.23,1,1,1,0,0,4,1.0,17.376800000000003,0.62
Hydroxyprogesterone-17a,CC(=O)C1(O)CCC2C3CCC4=CC(=O)CCC4(C)C3CCC21C,330.4680000000001,3.8384000000000027,54.37,1,3,1,0,4,24,0.8095238095238095,92.34080000000006,-3.817
2-Pentanol,CCCC(C)O,88.14999999999999,1.1673,20.23,1,1,2,0,0,6,1.0,26.58879999999999,-0.29
benzoin,OC(C(=O)c1ccccc1)c2ccccc2,212.248,2.602900000000001,37.3,1,2,3,2,2,16,0.07142857142857142,62.17430000000004,-2.85
"2,4-Dimethylphenol",Cc1ccc(O)c(C)c1,122.16699999999999,2.0090399999999997,20.23,1,1,0,1,1,9,0.25,37.5808,-1.19
m-Chloronitrobenzene ,Clc1cccc(c1)N(=O)=O,157.55599999999998,2.2482000000000006,43.14,0,2,1,1,1,10,0.0,38.106400000000015,-2.77
ampyrone,Cc2c(N)c(=O)n(c1ccccc1)n2C,203.245,1.0666200000000003,52.95,1,2,1,2,2,15,0.18181818181818182,60.15940000000002,-0.624
"2,2',4,5'-PCB",Clc1ccc(c(Cl)c1)c2cc(Cl)ccc2Cl ,291.99199999999996,5.967200000000002,0.0,0,0,1,2,2,16,0.0,71.91800000000002,-6.57
"Hexachloro-1,3-butadiene",ClC(=C(Cl)C(=C(Cl)Cl)Cl)Cl,260.762,4.7574,0.0,0,0,1,0,0,10,0.0,49.17,-4.92
Terbutryn,CCNc1nc(NC(C)(C)C)nc(SC)n1,241.364,2.2356999999999996,62.730000000000004,2,6,4,1,1,16,0.7,69.14740000000003,-4.0
3-Methyl-2-pentanol,CCC(C)CCO,102.17699999999999,1.4149,20.23,1,1,3,0,0,7,1.0,31.15779999999998,-0.71
2-methylpteridine,Cc2ncc1nccnc1n2,146.153,0.7282199999999999,51.56,0,4,0,2,2,11,0.14285714285714285,39.865000000000016,-0.12
Danazol,CC23Cc1cnoc1C=C2CCC4C3CCC5(C)C4CCC5(O)C#C,337.4630000000001,4.221000000000004,46.260000000000005,1,3,0,1,5,25,0.6818181818181818,96.35280000000004,-5.507000000000001
1-Iodobutane,CCCCI,184.01999999999998,2.2215,0.0,0,0,2,0,0,5,1.0,33.794999999999995,-2.96
2-Bromonapthalene,Brc1ccc2ccccc2c1,207.07,3.6023000000000014,0.0,0,0,0,2,2,11,0.0,51.64800000000002,-4.4
"Digoxin (L1=41,8mg/mL, L2=68,2mg/mL, Z=40,1mg/mL)",CC1OC(CC(O)C1O)OC2C(O)CC(OC2C)OC8C(O)CC(OC7CCC3(C)C(CCC4C3CC(O)C5(C)C(CCC45O)C6=CC(=O)OC6)C7)OC8C ,780.9490000000001,2.2181000000000015,203.05999999999997,6,14,7,0,8,55,0.926829268292683,192.61079999999944,-4.081
Benzyltrifluoride,FC(F)(F)c1ccccc1,146.111,2.705400000000001,0.0,0,0,0,1,1,10,0.14285714285714285,31.444,-2.51
Dihexyl phthalate,CCCCCCOC(=O)c1ccccc1C(=O)OCCCCCC,334.45600000000024,5.160800000000005,52.60000000000001,0,4,12,1,1,24,0.6,95.29100000000007,-6.144
Dibenzothiophene,c1ccc2c(c1)sc3ccccc23,184.263,4.054500000000002,0.0,0,1,0,3,3,13,0.0,59.33100000000003,-4.38
"2,3',4,4'-PCB",Clc1ccc(c(Cl)c1)c2ccc(Cl)c(Cl)c2Cl ,326.437,6.620600000000001,0.0,0,0,1,2,2,17,0.0,76.92800000000003,-7.8
"2,2',3,3',4,4'-PCB",Clc1ccc(c(Cl)c1Cl)c2ccc(Cl)c(Cl)c2Cl ,360.88200000000006,7.274000000000001,0.0,0,0,1,2,2,18,0.0,81.938,-8.01
Warfarin,CC(=O)CC(c1ccccc1)c3c(O)c2ccccc2oc3=O ,308.3330000000001,3.609600000000003,67.50999999999999,1,4,4,3,3,23,0.15789473684210525,87.73180000000005,-3.893
hydrobenzoin,c1ccccc1C(O)C(O)c2ccccc2,214.264,2.4536000000000007,40.46,2,2,3,2,2,16,0.14285714285714285,62.80360000000004,-1.93
Dimethyl phthalate,COC(=O)c1ccccc1C(=O)OC,194.18599999999995,1.2597999999999998,52.60000000000001,0,4,2,1,1,14,0.2,49.12100000000002,-1.66
Ethyl octanoate,CCCCCCCC(=O)OCC,172.26799999999997,2.910000000000001,26.3,0,2,7,0,0,12,0.9,50.009000000000036,-3.39
Diethyldisulfide,CCSSCC,122.258,2.4076000000000004,0.0,0,2,3,0,0,6,1.0,36.264,-2.42
"1,2-Diethoxyethane ",CCOCCOCC,118.176,1.0594000000000001,18.46,0,2,5,0,0,8,1.0,32.98599999999998,-0.77
"1,2,4,5-Tetrachlorobenzene",Clc1cc(Cl)c(Cl)cc1Cl,215.894,4.3002,0.0,0,0,0,1,1,10,0.0,46.482000000000006,-5.56
p-benzidine,Nc1ccc(cc1)c2ccc(N)cc2,184.242,2.518,52.04,2,2,1,2,2,14,0.0,60.70280000000001,-2.7
1-Heptene,CCCCCC=C,98.189,2.752700000000001,0.0,0,0,4,0,0,7,0.7142857142857143,34.338999999999984,-3.73
Ethirimol,CCCCc1c(C)nc(NCC)[nH]c1=O,209.29299999999998,1.85272,57.78,2,3,5,1,1,15,0.6363636363636364,62.370400000000025,-3.028
Pentobarbital,O=C1NC(=O)NC(=O)C1(CC)C(C)CCC,226.27599999999995,1.1849999999999992,75.27000000000001,2,3,4,0,1,16,0.7272727272727273,58.47740000000003,-2.39
o-Chloroaniline,Nc1ccccc1Cl,127.574,1.9222,26.02,1,1,0,1,1,8,0.0,35.86440000000001,-1.52
3-Chloroanisole,COc1cccc(Cl)c1,142.58499999999998,2.3486000000000002,9.23,0,1,1,1,1,9,0.14285714285714285,38.00400000000001,-2.78
Pebulate,CCCCN(CC)C(=O)SCCC,203.35099999999997,3.3716000000000026,20.310000000000002,0,2,6,0,0,13,0.9,60.30000000000004,-3.53
Butyl acetate,CCCCOC=O,102.13299999999998,0.9595,26.3,0,2,4,0,0,7,0.8,26.923999999999985,-1.37
Prednisolone,CC12CC(O)C3C(CCC4=CC(=O)C=CC34C)C2CCC1(O)C(=O)CO,360.4500000000002,1.5575999999999999,94.83,3,5,2,0,4,26,0.7142857142857143,95.04840000000003,-3.18
Bromodichloromethane,BrC(Cl)Cl,163.82899999999998,2.1425,0.0,0,0,0,0,0,4,1.0,24.420999999999996,-1.54
adrenosterone,CC34CC(=O)C1C(CCC2=CC(=O)CCC12C)C3CCC4(=O) ,300.3980000000001,3.2664000000000017,51.21,0,3,0,0,4,22,0.7368421052631579,82.10700000000004,-3.48
p-terphenyl,c1ccc(cc1)c2ccc(cc2)c3ccccc3,230.31,5.0206000000000035,0.0,0,0,2,3,3,18,0.0,77.31400000000004,-7.11
p-Hydroxybenzaldehyde ,Oc1ccc(C=O)cc1,122.12299999999998,1.2047,37.3,1,2,1,1,1,9,0.0,33.4943,-0.96
Bromomethane,CBr,94.939,1.0110999999999999,0.0,0,0,0,0,0,2,1.0,14.851,-0.79
Perfluidone,Cc1cc(ccc1NS(=O)(=O)C(F)(F)F)S(=O)(=O)c2ccccc2,379.38100000000003,3.0893200000000016,80.31,1,4,4,2,2,24,0.14285714285714285,81.67030000000001,-3.8
Coumachlor,CC(=O)CC(c1ccc(Cl)cc1)c2c(O)c3ccccc3oc2=O,342.7780000000001,4.263000000000003,67.50999999999999,1,4,4,3,3,24,0.15789473684210525,92.74180000000005,-5.8389999999999995
2-Ethylnaphthalene,CCc1ccc2ccccc2c1,156.22799999999998,3.4022000000000014,0.0,0,0,1,2,2,12,0.16666666666666666,53.32600000000003,-4.29
5-methylcytosine,Nc1c(C)c[nH]c(=O)n1 ,125.13099999999999,-0.33948000000000017,71.77000000000001,2,3,0,1,1,9,0.2,34.007099999999994,-1.4580000000000002
"2,3,4,5,6-PCB",Clc2c(Cl)c(Cl)c(c1ccccc1)c(Cl)c2Cl ,326.437,6.620600000000001,0.0,0,0,1,2,2,17,0.0,76.92800000000001,-7.92
benodanil,c1c(NC(=O)c2ccccc2(I))cccc1,323.133,3.5435000000000016,29.1,1,1,2,2,2,16,0.0,73.55420000000002,-4.21
Riboflavin,Cc3cc2nc1c(=O)[nH]c(=O)nc1n(CC(O)C(O)C(O)CO)c2cc3C,376.36900000000014,-1.7235599999999989,161.56,5,8,5,1,3,27,0.4117647058823529,95.62089999999999,-3.685
o-Fluorobromobenzene,Fc1ccccc1Br,175.0,2.5882000000000005,0.0,0,0,0,1,1,8,0.0,34.1,-2.7
"2,4-Dichlorophenol ",Oc1ccc(Cl)cc1Cl,163.003,2.699,20.23,1,1,0,1,1,9,0.0,38.12680000000001,-1.55
Permethrin,CC1(C)C(C=C(Cl)Cl)C1C(=O)OCc2cccc(Oc3ccccc3)c2,391.2940000000001,6.113300000000004,35.53,0,3,6,2,3,26,0.2857142857142857,103.30400000000002,-6.291
piroxicam,CN2C(=C(O)c1ccccc1S2(=O)=O)C(=O)Nc3ccccn3 ,331.353,1.5810000000000002,99.60000000000001,2,5,2,2,3,23,0.06666666666666667,83.80630000000004,-4.16
3-Propanoyloxymethylphenytoin,O=C1N(COC(=O)CC)C(=O)C(N1)(c2ccccc2)c3ccccc3,338.36300000000006,2.3927000000000005,75.71,1,4,5,2,3,25,0.21052631578947367,90.29170000000003,-4.907
Cyclopentane ,C1CCCC1,70.135,1.9505000000000001,0.0,0,0,0,0,1,5,1.0,23.084999999999994,-2.64
o-Toluidine,Cc1ccccc1N,107.156,1.57722,26.02,1,1,0,1,1,8,0.14285714285714285,35.59139999999999,-2.21
Estragole,c1(OC)ccc(CC=C)cc1,148.205,2.4237,9.23,0,1,3,1,1,11,0.2,46.895000000000024,-2.92
karbutilate,CN(C)C(=O)Nc1cccc(OC(=O)NC(C)(C)C)c1 ,279.34,2.6670000000000007,70.67,2,3,2,1,1,20,0.42857142857142855,78.06040000000004,-2.93
3-Methyl-1-Butene,CC(C)C=C,70.135,1.8284,0.0,0,0,1,0,0,5,0.6,25.03499999999999,-2.73
2-Hydroxypyridine,Oc1ccccn1,95.101,0.7871999999999999,33.120000000000005,1,2,0,1,1,7,0.0,25.90179999999999,1.02
Ethane,CC,30.07,1.0262,0.0,0,0,0,0,0,2,1.0,11.348000000000003,-1.36
"1,2-Dichlorobenzene",Clc1ccccc1Cl,147.00399999999996,2.9934000000000003,0.0,0,0,0,1,1,8,0.0,36.46200000000001,-3.05
mercaptobenzothiazole,Sc2nc1ccccc1s2 ,167.25799999999998,2.585,12.89,1,3,0,2,2,10,0.0,46.87200000000002,-3.18
"2,2',3,3',4,4',5,5',6,6'-PCB",Clc1c(Cl)c(Cl)c(c(Cl)c1Cl)c2c(Cl)c(Cl)c(Cl)c(Cl)c2Cl ,498.66200000000026,9.887599999999999,0.0,0,0,1,2,2,22,0.0,101.978,-11.6
Methoxsalen,COc2c1occc1cc3ccc(=O)oc23 ,216.19199999999995,2.5478000000000005,52.58,0,4,1,3,3,16,0.08333333333333333,58.80800000000002,-3.664
Acetamide,CC(=O)N,59.068,-0.5084,43.09,1,1,0,0,0,4,0.5,14.868400000000001,1.58
1-Methylnaphthalene,Cc1cccc2ccccc12,142.201,3.148220000000002,0.0,0,0,0,2,2,11,0.09090909090909091,48.68500000000003,-3.7
Napropamide,CCN(CC)C(=O)C(C)Oc1cccc2ccccc12 ,271.36,3.475500000000002,29.540000000000003,0,2,5,2,2,20,0.35294117647058826,81.96600000000005,-3.57
"3,3-Dimethyl-2-butanol",CC(O)C(C)(C)C,102.17699999999999,1.4133,20.23,1,1,0,0,0,7,1.0,31.135799999999982,-0.62
Methyl pentanoate,CCCC(=O)OCC,116.15999999999998,1.3496000000000001,26.3,0,2,3,0,0,8,0.8333333333333334,31.540999999999983,-1.36
Menadione,CC2=CC(=O)c1ccccc1C2=O ,172.18299999999996,2.0119000000000002,34.14,0,2,0,1,2,13,0.09090909090909091,48.86000000000002,-3.03
Phenanthrene,c1ccc2c(c1)ccc3ccccc32,178.23399999999998,3.993000000000002,0.0,0,0,0,3,3,14,0.0,61.454000000000036,-5.26
"2,4-Dimethylpyridine",Cc1ccnc(C)c1,107.15599999999999,1.69844,12.89,0,1,0,1,1,8,0.2857142857142857,33.71099999999999,0.38
1-Nonanol,CCCCCCCCCO,144.258,2.7293000000000016,20.23,1,1,7,0,0,10,1.0,45.078800000000015,-3.01
Dibromomethane,BrCBr,173.83499999999998,1.7337,0.0,0,0,0,0,0,3,1.0,22.720999999999997,-1.17
Dexamethasone,CC1CC2C3CCC4=CC(=O)C=CC4(C)C3(F)C(O)CC2(C)C1(O)C(=O)CO,392.4670000000002,1.8957000000000002,94.83,3,5,2,0,4,28,0.7272727272727273,99.94440000000004,-3.59
"2,6-Dimethylnaphthalene ",Cc1ccc2cc(C)ccc2c1,156.228,3.456640000000002,0.0,0,0,0,2,2,12,0.16666666666666666,53.42200000000003,-4.89
Butylate,CCSC(=O)N(CC(C)C)CC(C)C,217.378,3.4735000000000023,20.310000000000002,0,2,5,0,0,14,0.9090909090909091,64.77700000000004,-3.68
nitroglycerin,O=N(=O)OCC(CON(=O)=O)ON(=O)=O ,227.08499999999998,-1.0200999999999996,157.11,0,9,8,0,0,15,1.0,37.76020000000002,-2.22
m-Nitroaniline,Nc1cccc(c1)N(=O)=O,138.126,1.177,69.16,1,3,1,1,1,10,0.0,37.50880000000001,-2.19
1-Chlorobutane,CCCCCl,92.56899999999999,2.0253,0.0,0,0,2,0,0,5,1.0,25.62799999999999,-2.03
triforine,ClC(Cl)(Cl)C(NC=O)N1C=CN(C=C1)C(NC=O)C(Cl)(Cl)Cl ,430.9340000000001,2.431,64.68,2,4,6,0,1,22,0.4,88.51339999999999,-4.19
Fluridone,Cn2cc(c1ccccc1)c(=O)c(c2)c3cccc(c3)C(F)(F)F,329.32099999999997,4.738100000000002,22.0,0,1,2,3,3,24,0.10526315789473684,87.55700000000004,-4.445
6-aminochrysene,Nc3cc2c1ccccc1ccc2c4ccccc34 ,243.309,4.728400000000002,26.02,1,1,0,4,4,19,0.0,83.37240000000004,-6.2
Estrone,CC12CCC3C(CCc4cc(O)ccc34)C2CCC1=O,270.372,3.817400000000003,37.3,1,2,0,1,4,20,0.6111111111111112,77.73080000000004,-3.955
RTI 17,CCN2c1ccccc1N(C)C(=S)c3cccnc23 ,269.373,3.3649000000000022,19.37,0,3,1,2,3,19,0.2,83.46200000000003,-4.706
"1,2-Propylene oxide",CC1CO1,58.08,0.4051,12.53,0,1,0,0,1,4,1.0,15.414000000000001,-0.59
Nitrazepam,O=C3CN=C(c1ccccc1)c2cc(ccc2N3)N(=O)=O,281.271,2.3842999999999996,84.6,1,4,2,2,3,21,0.06666666666666667,78.67410000000002,-3.796
"1,3-diethylthiourea",CCNC(=S)NCC,132.232,0.49030000000000007,24.06,2,1,2,0,0,8,0.8,39.95140000000001,-1.46
"2,3,5-Trichlorophenol",Oc1cc(Cl)cc(Cl)c1Cl,197.44799999999998,3.3523999999999994,20.23,1,1,0,1,1,10,0.0,43.13680000000001,-2.67
Propyl propanoate,CCCCC(=O)OC,116.15999999999998,1.3496000000000001,26.3,0,2,3,0,0,8,0.8333333333333334,31.540999999999983,-1.34
Aniline ,Nc1ccccc1,93.12899999999999,1.2688000000000001,26.02,1,1,0,1,1,7,0.0,30.8544,-0.41
"1,5-Dimethlnapthalene",Cc1cccc2c(C)cccc12,156.228,3.456640000000002,0.0,0,0,0,2,2,12,0.16666666666666666,53.422000000000025,-4.678999999999999
hydrochlorothiazide,NS(=O)(=O)c2cc1c(NCNS1(=O)=O)cc2Cl ,297.745,-0.35129999999999945,118.35999999999999,3,5,1,1,2,17,0.14285714285714285,61.63640000000001,-2.63
Acenapthylene,C1=Cc2cccc3cccc1c23,152.19599999999994,3.3236000000000017,0.0,0,0,0,2,3,12,0.0,52.87600000000002,-3.96
Ethyl butyrate,CCCCCOC(=O)CC,144.21399999999997,2.1298000000000004,26.3,0,2,5,0,0,10,0.875,40.775000000000006,-1.28
Atratone,CCNc1nc(NC(C)C)nc(OC)n1,211.26899999999998,1.1322999999999996,71.96000000000001,2,6,5,1,1,15,0.6666666666666666,59.30140000000003,-2.084
Benzo(a)pyrene,c1ccc2c(c1)cc3ccc4cccc5ccc2c3c45,252.31599999999997,5.737200000000003,0.0,0,0,0,5,5,20,0.0,87.65200000000004,-8.699
Bromoethane,CCBr,108.966,1.4012,0.0,0,0,0,0,0,3,1.0,19.467999999999996,-1.09
3-Hexyne,CCC#CCC,82.14599999999999,1.8098,0.0,0,0,0,0,0,6,0.6666666666666666,28.357999999999986,-1.99
Digitoxin,CC1OC(CC(O)C1O)OC2C(O)CC(OC2C)OC8C(O)CC(OC7CCC3(C)C(CCC4C3CCC5(C)C(CCC45O)C6=CC(=O)OC6)C7)OC8C ,764.9499999999999,3.247300000000002,182.82999999999998,5,13,7,0,8,54,0.926829268292683,191.2209999999994,-5.292999999999999
2-Methyl-1-Butene,CCC(=C)C,70.13499999999999,1.9725,0.0,0,0,1,0,0,5,0.6,25.10499999999999,-2.73
8-quinolinol,Oc1cccc2cccnc12 ,145.16099999999997,1.9403999999999995,33.120000000000005,1,2,0,2,2,11,0.0,43.407800000000016,-2.42
"1,2,3,4-Tetrahydronapthalene",C1CCc2ccccc2C1,132.20599999999996,2.5654000000000003,0.0,0,0,0,1,2,10,0.4,43.084000000000024,-4.37
phenolphthalein,Oc1ccc(cc1)C2(OC(=O)c3ccccc23)c4ccc(O)cc4 ,318.32800000000003,3.560100000000002,66.76,2,4,2,3,4,24,0.05,87.95310000000002,-2.9
"1,3,5-Tribromobenzene",Brc1cc(Br)cc(Br)c1,314.802,3.974100000000001,0.0,0,0,0,1,1,9,0.0,49.54200000000001,-5.6
Ronnel,COP(=S)(OC)Oc1cc(Cl)c(Cl)cc1Cl,321.549,4.542900000000002,27.69,0,4,4,1,1,16,0.25,70.40300000000002,-5.72
methylthiouracil,Cc1cc(=O)[nH]c(=S)[nH]1,142.18300000000002,0.74091,48.65,2,2,0,1,1,9,0.2,36.9844,-2.436
Eugenol,COc1cc(CC=C)ccc1O,164.204,2.1293,29.46,1,2,3,1,1,12,0.2,48.55980000000003,-1.56
5-Allyl-5-isopropylbarbital,O=C1NC(=O)NC(=O)C1(C(C)C)CC=C,210.23299999999998,0.5708999999999995,75.27000000000001,2,3,3,0,1,15,0.5,53.76640000000002,-1.7080000000000002
Pyrene,c1cc2ccc3cccc4ccc(c1)c2c34,202.25599999999997,4.584000000000002,0.0,0,0,0,4,4,16,0.0,70.14600000000003,-6.176
"1,1-Diethoxyethane ",CCOC(C)OCC,118.176,1.4054,18.46,0,2,4,0,0,8,1.0,32.713999999999984,-0.43
Clomazone,CC1(C)CON(Cc2ccccc2Cl)C1=O,239.702,2.6400000000000006,29.54,0,2,2,1,2,16,0.4166666666666667,61.735000000000035,-2.338
2-Butoxyethanol,CCCCOCCO,118.17599999999999,0.7953999999999999,29.46,1,2,5,0,0,8,1.0,32.81279999999998,-0.42
Quintozene,Clc1c(Cl)c(Cl)c(N(=O)=O)c(Cl)c1Cl,295.336,4.8618,43.14,0,2,1,1,1,14,0.0,58.14639999999999,-5.82
Androsterone,CC12CCC(O)CC1CCC3C2CCC4(C)C3CCC4=O,290.447,3.959100000000003,37.3,1,2,0,0,4,21,0.9473684210526315,82.74080000000006,-4.402
Flurochloridone,FC(F)(F)c1cccc(c1)N2CC(CCl)C(Cl)C2=O,312.118,3.514400000000002,20.310000000000002,0,1,2,1,2,19,0.4166666666666667,67.64800000000002,-4.047
Quinoline,c1ccc2ncccc2c1,129.16199999999998,2.2348,12.89,0,1,0,2,2,10,0.0,41.743000000000016,-1.3
methyl gallate,COC(=O)c1cc(O)c(O)c(O)c1 ,184.147,0.5899999999999996,86.99000000000001,3,5,1,1,1,13,0.125,42.77590000000002,-1.24
fluconazole,OC(Cn1cncn1)(Cn2cncn2)c3ccc(F)cc3F ,306.276,0.7357999999999993,81.64999999999999,1,5,5,3,3,22,0.23076923076923078,70.29880000000001,-1.8
Chlorzoxazone,Clc2ccc1oc(=O)[nH]c1c2,169.567,1.7744999999999997,46.0,1,2,0,2,2,11,0.0,41.844699999999996,-2.8310000000000004
"2,2',3,4,4',5',6-PCB",Clc1ccc(c(Cl)c1)c2c(Cl)c(Cl)c(Cl)c(Cl)c2Cl,395.3270000000001,7.9274000000000004,0.0,0,0,1,2,2,19,0.0,86.94800000000001,-7.92
alloxan,O=C1NC(=O)C(=O)C(=O)N1 ,142.07,-2.0785,92.34,2,4,0,0,1,10,0.0,26.6884,-1.25
"1,3-Dichloropropane",ClCCCCl,112.98700000000001,1.8540999999999999,0.0,0,0,2,0,0,5,1.0,26.05699999999999,-1.62
m-Fluorobromobenzene,Fc1cccc(Br)c1,175.0,2.5882000000000005,0.0,0,0,0,1,1,8,0.0,34.1,-2.67
p-Chlorobromobenzene,Clc1ccc(Br)cc1,191.45499999999998,3.102500000000001,0.0,0,0,0,1,1,8,0.0,39.15200000000001,-3.63
"2,3-Dimethylbutane",CC(C)C(C)C,86.178,2.2984,0.0,0,0,1,0,0,6,1.0,29.675999999999984,-3.65
1-Butene,CCC=C,56.108,1.5824,0.0,0,0,1,0,0,4,0.5,20.487999999999996,-1.94
"2,2',3,4,5,5'-PCB",Clc1ccc(Cl)c(c1)c2cc(Cl)c(Cl)c(Cl)c2Cl,360.88200000000006,7.274000000000001,0.0,0,0,1,2,2,18,0.0,81.938,-7.68
cytosine,Nc1cc[nH]c(=O)n1 ,111.104,-0.6479000000000001,71.77000000000001,2,3,0,1,1,8,0.0,29.270099999999996,-1.155
"1,1,2-Trichlorotrifluoroethane",FC(F)(Cl)C(F)(Cl)Cl,187.37500000000003,2.9189,0.0,0,0,1,0,0,8,1.0,26.345,-3.04
Propionitrile,CCC#N,55.07999999999999,0.91998,23.79,0,1,0,0,0,4,0.6666666666666666,15.904000000000002,0.28
"O,P'-DDD",ClC(Cl)C(c1ccc(Cl)cc1)c2ccccc2Cl ,320.04600000000005,5.929000000000003,0.0,0,0,3,2,2,18,0.14285714285714285,80.24100000000003,-6.51
o-Nitroanisole,COc1ccccc1N(=O)=O,153.13699999999997,1.6033999999999997,52.37,0,3,2,1,1,11,0.14285714285714285,39.64840000000002,-1.96
Prasterone,CC34CCC1C(CC=C2CC(O)CCC12C)C3CCC4=O,288.43100000000004,3.8792000000000026,37.3,1,2,0,0,4,21,0.8421052631578947,82.71680000000005,-4.12
Procymidone,CC12CC2(C)C(=O)N(C1=O)c3cc(Cl)cc(Cl)c3,284.142,3.2829000000000024,37.38,0,2,1,1,3,18,0.38461538461538464,69.78600000000003,-4.8
Benzo[ghi]perylene,c1cc2ccc3ccc4ccc5cccc6c(c1)c2c3c4c56,276.338,6.3282000000000025,0.0,0,0,0,6,6,22,0.0,96.34400000000005,-9.018
Dinoseb,CCC(C)c1cc(cc(N(=O)=O)c1O)N(=O)=O ,240.21499999999995,2.7221000000000024,106.51000000000002,1,5,4,1,1,17,0.4,60.12160000000002,-3.38
meconin,c1c(OC)c(OC)C2C(=O)OCC2c1,196.20199999999997,0.8497999999999999,44.760000000000005,0,4,2,0,2,14,0.5,48.123000000000026,-1.899
Glycerol,OCC(O)CO,92.09400000000001,-1.6681000000000001,60.69,3,3,2,0,0,6,1.0,20.1784,1.12
Guaiacol,COc1ccccc1O ,124.13899999999997,1.4008,29.46,1,2,1,1,1,9,0.14285714285714285,34.6588,-1.96
chlorpyrifos,CCOP(=S)(OCC)Oc1nc(Cl)c(Cl)cc1Cl ,350.591,4.718100000000002,40.58,0,5,6,1,1,18,0.4444444444444444,77.43200000000002,-5.67
9-Methylanthracene,Cc1c2ccccc2cc3ccccc13,192.261,4.301420000000003,0.0,0,0,0,3,3,15,0.06666666666666667,66.19100000000003,-5.89
Antipyrene,Cc1cc(=O)n(c2ccccc2)n1C,188.23000000000002,1.4844199999999999,26.93,0,1,1,2,2,14,0.18181818181818182,55.74700000000003,0.715
Methyl butyl ether ,CCCCOC,88.14999999999999,1.4329,9.23,0,1,3,0,0,6,1.0,26.78399999999999,-0.99
7-methylpteridine,Cc2cnc1cncnc1n2,146.153,0.7282199999999998,51.56,0,4,0,2,2,11,0.14285714285714285,39.865000000000016,-0.8540000000000001
simazine,CCNc1nc(Cl)nc(NCC)n1 ,201.661,1.3885999999999998,62.730000000000004,2,5,4,1,1,13,0.5714285714285714,53.164400000000015,-4.55
"N,N-Dimethylacetamide",CN(C)C(=O)C,87.12199999999999,0.0944999999999998,20.310000000000002,0,1,0,0,0,6,0.75,24.36799999999999,1.11
Simetryn,CSc1nc(nc(n1)N(C)C)N(C)C,213.31,0.7254999999999998,45.150000000000006,0,6,3,1,1,14,0.625,60.26200000000003,-2.676
Ethylene,C=C,28.053999999999995,0.8022,0.0,0,0,0,0,0,2,0.0,11.254000000000001,-0.4
"3,3-Dimethyl-1-butanol",CC(C)(C)CCO,102.17699999999999,1.4149,20.23,1,1,1,0,0,7,1.0,31.15779999999998,-0.5
5-Allyl-5-ethylbarbital,O=C1NC(=O)NC(=O)C1(CC)CC=C,196.20599999999996,0.3248999999999995,75.27000000000001,2,3,3,0,1,14,0.4444444444444444,49.219400000000014,-1.614
"2,3,4-Trichlorophenol",Oc1ccc(Cl)c(Cl)c1Cl,197.448,3.3524000000000003,20.23,1,1,0,1,1,10,0.0,43.13680000000001,-2.67
Anisole,COc1ccccc1,108.13999999999997,1.6952,9.23,0,1,1,1,1,8,0.14285714285714285,32.99399999999999,-1.85
chloropropylate,c1ccc(Cl)cc1C(c2ccc(Cl)cc2)(O)C(=O)OC(C)C,339.21800000000013,4.180900000000003,46.53,1,3,4,2,2,22,0.23529411764705882,87.13080000000004,-4.53
aldosterone,CC13CCC(=O)C=C1CCC4C2CCC(C(=O)CO)C2(CC(O)C34)C=O ,360.45000000000005,1.8457,91.67000000000002,2,5,3,0,4,26,0.7619047619047619,94.07260000000004,-3.85
Difenoxuron,COc2ccc(Oc1ccc(NC(=O)N(C)C)cc1)cc2,286.331,3.581000000000002,50.800000000000004,1,3,4,2,2,21,0.1875,82.21570000000004,-4.16
4-Ethyltoluene,CCc1ccc(C)cc1,120.19499999999996,2.5574200000000005,0.0,0,0,1,1,1,9,0.3333333333333333,40.557000000000016,-3.11
Diisopropylsulfide,CC(C)SC(C)C,118.24499999999999,2.5364000000000004,0.0,0,1,2,0,0,7,1.0,37.863,-2.24
"1,3-Dinitrobenzene",O=N(=O)c1cccc(c1)N(=O)=O,168.10799999999995,1.503,86.28,0,4,2,1,1,12,0.0,39.75080000000001,-2.29
Ethion,CCOP(=S)(OCC)SCSP(=S)(OCC)OCC,384.4870000000002,5.005300000000004,36.92,0,8,12,0,0,19,1.0,95.12300000000005,-5.54
probarbital,CCC1(C(C)C)C(=O)NC(=O)NC1=O ,198.22199999999998,0.40479999999999994,75.27000000000001,2,3,2,0,1,14,0.6666666666666666,49.243400000000015,-2.21
cortisone acetate,CC(=O)OCC(=O)C3(O)CCC4C2CCC1=CC(=O)CCC1(C)C2C(=O)CC34C ,402.48700000000025,2.560600000000001,97.74000000000001,1,6,3,0,4,29,0.7391304347826086,103.68980000000006,-4.21
Metronidazole,Cc1ncc(N(=O)=O)n1CCO,171.15599999999998,0.09201999999999994,81.19,1,4,3,1,1,12,0.5,40.704200000000014,-1.22
p-Chloroaniline,Nc1ccc(Cl)cc1,127.574,1.9222,26.02,1,1,0,1,1,8,0.0,35.86440000000002,-1.66
"2,2-Dimethylpentanol",CCCC(C)(C)CO,116.20399999999998,1.8050000000000002,20.23,1,1,3,0,0,8,1.0,35.77479999999999,-1.52
Furane,c1ccoc1,68.07499999999999,1.2795999999999998,13.14,0,1,0,1,1,5,0.0,18.708,-0.82
Methoproptryne,COCCCNc1nc(NC(C)C)nc(SC)n1,271.39,1.8621999999999999,71.96000000000001,2,7,8,1,1,18,0.7272727272727273,75.34940000000005,-2.928
Norea,CN(C)C(=O)NC1CC2CC1C3CCCC23,222.33199999999994,2.0822999999999996,32.34,1,1,1,0,3,16,0.9230769230769231,63.05170000000005,-3.1710000000000003
t-Butylbenzene ,CC(C)(C)c1ccccc1,134.22199999999998,2.9841000000000015,0.0,0,0,0,1,1,10,0.4,45.14200000000003,-3.66
kebuzone,CC(=O)CCC1C(=O)N(N(C1=O)c2ccccc2)c3ccccc3,322.36400000000003,2.966800000000001,57.690000000000005,0,3,5,2,3,24,0.21052631578947367,91.26100000000004,-3.27
prednisolone acetate,CC(=O)OCC(=O)C3(O)CCC4C2CCC1=CC(=O)C=CC1(C)C2C(O)CC34C ,402.48700000000014,2.1284,100.90000000000002,2,6,3,0,4,29,0.6956521739130435,104.59560000000003,-4.37
Methyl propyl ether ,CCCOC,74.12299999999999,1.0428,9.23,0,1,2,0,0,5,1.0,22.166999999999994,-0.39
Isopropyl acetate,CC(C)OC(=O)C,102.133,0.9579,26.3,0,2,1,0,0,7,0.8,26.901999999999987,-0.55
Bromobenzene,Brc1ccccc1,157.01,2.4491000000000005,0.0,0,0,0,1,1,7,0.0,34.142,-2.55
Ethyl-p-hydroxybenzoate ,CCOC(=O)c1ccc(O)cc1,166.176,1.5689,46.53,1,3,2,1,1,12,0.2222222222222222,44.06330000000003,-2.35
3-Butanoyloxymethylphenytoin,O=C1N(COC(=O)CCC)C(=O)C(N1)(c2ccccc2)c3ccccc3,352.39000000000004,2.782800000000001,75.71,1,4,6,2,3,26,0.25,94.90870000000004,-5.071000000000001
testosterone propionate,CCC(=O)OC3CCC4C2CCC1=CC(=O)CCC1(C)C2CCC34C ,344.4950000000001,4.840100000000005,43.370000000000005,0,3,2,0,4,25,0.8181818181818182,96.88100000000006,-5.37
Coronene,c1cc2ccc3ccc4ccc5ccc6ccc1c7c2c3c4c5c67,300.36000000000007,6.919200000000002,0.0,0,0,0,7,7,24,0.0,105.03600000000007,-9.332
allopurinol,O=c1[nH]cnc2[nH]ncc12 ,136.114,-0.35380000000000006,74.43,2,3,0,2,2,10,0.0,34.5094,-2.266
Chloroethylene,ClC=C,62.499,1.3687,0.0,0,0,0,0,0,3,0.0,16.05,-1.75
diphenamid,CN(C)C(=O)C(c1ccccc1)c2ccccc2 ,239.318,2.9067000000000016,20.310000000000002,0,1,3,2,2,18,0.1875,73.42100000000005,-2.98
Tetrabromomethane,BrC(Br)(Br)Br,331.62699999999995,3.1773000000000002,0.0,0,0,0,0,0,5,1.0,38.439,-3.14
RTI 22,CCN2c1cc(N(C)C)cc(C)c1NC(=O)c3cccnc23 ,296.374,3.1797200000000014,48.47,1,4,2,2,3,22,0.29411764705882354,90.37620000000004,-4.871
phthalimide,O=C1NC(=O)c2ccccc12 ,147.13299999999998,0.5702,46.17,1,2,0,1,2,11,0.0,38.23870000000001,-2.61
Fenarimol,OC(c1ccc(Cl)cc1)(c2cncnc2)c3ccccc3Cl,331.202,4.0676000000000005,46.010000000000005,1,3,3,3,3,22,0.058823529411764705,87.03680000000001,-4.38
Methyl benzoate ,COC(=O)c1ccccc1,136.14999999999998,1.4732,26.3,0,2,1,1,1,10,0.125,37.781500000000015,-1.85
1-methyluracil,Cn1ccc(=O)[nH]c1=O,126.115,-0.9264000000000001,54.86,1,2,0,1,1,9,0.2,32.30369999999999,-0.807
oxyphenbutazone,CCCCC1C(=O)N(N(C1=O)c2ccc(O)cc2)c3ccccc3 ,324.38000000000005,3.493400000000002,60.85000000000001,1,3,5,2,3,24,0.2631578947368421,92.53580000000002,-3.73
"2,2',3,5'-PCB",Clc1ccc(Cl)c(c1)c2cccc(Cl)c2Cl ,291.9920000000001,5.967200000000002,0.0,0,0,1,2,2,16,0.0,71.918,-6.47
Quinethazone,CCC2NC(=O)c1cc(c(Cl)cc1N2)S(N)(=O)=O,289.7440000000001,0.8788,101.28999999999999,3,4,2,1,2,18,0.3,67.99310000000001,-3.29
Diuron,CN(C)C(=O)Nc1ccc(Cl)c(Cl)c1,233.09799999999998,3.0869000000000018,32.34,1,1,1,1,1,14,0.2222222222222222,59.167700000000025,-3.8
Cyclopentene ,C1CC=CC1,68.11900000000001,1.7265,0.0,0,0,0,0,1,5,0.6,22.990999999999993,-2.1
alloxantin,C1(=O)NC(=O)NC(=O)C1(O)C2(O)C(=O)NC(=O)NC2(=O),286.156,-4.819399999999998,191.0,6,8,1,0,2,20,0.25,53.2624,-1.99
Nonane,CCCCCCCCC,128.259,3.7569000000000026,0.0,0,0,6,0,0,9,1.0,43.667000000000016,-5.88
2-Chlorophenol,Oc1ccccc1Cl,128.558,2.0456000000000003,20.23,1,1,0,1,1,8,0.0,33.1168,-1.06
5-Methylchrysene,c1cccc2c3c(C)cc4ccccc4c3ccc12,242.321,5.454620000000004,0.0,0,0,0,4,4,19,0.05263157894736842,83.69700000000005,-6.59
Phenetole,CCOc1ccccc1,122.16699999999996,2.0853,9.23,0,1,2,1,1,9,0.25,37.61100000000001,-2.33
ethyl cinnamate,CCOC(=O)C=Cc1ccccc1,176.215,2.2629,26.3,0,2,3,1,1,13,0.18181818181818182,52.10900000000003,-3.0
Terbacil,Cc1[nH]c(=O)n(c(=O)c1Cl)C(C)(C)C,216.66799999999998,1.2534200000000002,54.86,1,2,0,1,1,14,0.5555555555555556,56.06570000000002,-2.484
Clonazepam,Clc1ccccc1C2=NCC(=O)Nc3ccc(cc23)N(=O)=O,315.716,3.037700000000001,84.6,1,4,2,2,3,22,0.06666666666666667,83.68410000000003,-3.4989999999999997
p-Toluenesulfonamide ,Cc1ccc(cc1)S(=O)(=O)N,171.22099999999998,0.6424200000000001,60.16,1,2,1,1,1,11,0.14285714285714285,42.55220000000001,-1.74
Chlorbufam,CC(OC(=O)Nc1cccc(Cl)c1)C#C,223.659,2.9102000000000006,38.33,1,2,2,1,1,15,0.18181818181818182,59.85070000000002,-2.617
2-Methylheptane,CCCCCC(C)C,114.23199999999999,3.2227000000000023,0.0,0,0,4,0,0,8,1.0,38.98,-5.08
Cyhalothrin,CC1(C)C(C=C(Cl)C(F)(F)F)C1C(=O)OC(C#N)c2cccc(Oc3ccccc3)c2,449.8560000000001,6.543980000000005,59.32000000000001,0,4,6,2,3,31,0.30434782608695654,108.156,-8.176
Apazone,CCCC1C(=O)N3N(C1=O)c2cc(C)ccc2N=C3N(C)C ,300.3620000000001,2.0642199999999997,56.220000000000006,0,4,2,1,3,22,0.4375,84.69100000000003,-3.5380000000000003
Diazepam,CN2C(=O)CN=C(c1ccccc1)c3cc(Cl)ccc23,284.74600000000004,3.153800000000002,32.67,0,2,1,2,3,20,0.125,81.81000000000004,-3.754
2-Methyl-3-pentanol,CCC(O)C(C)C,102.17699999999999,1.4133,20.23,1,1,2,0,0,7,1.0,31.135799999999982,-0.7
fensulfothion,CCOP(=S)(OCC)Oc1ccc(cc1)S(C)=O ,308.36100000000005,3.1003000000000016,44.760000000000005,0,5,7,1,1,18,0.45454545454545453,76.93940000000003,-2.3
borneol,CC1(C)C2CCC1(C)C(O)C2,154.253,2.1935000000000002,20.23,1,1,0,0,2,11,1.0,45.23580000000002,-2.32
Testosterone,CC12CCC3C(CCC4=CC(=O)CCC34C)C2CCC1O,288.431,3.879200000000003,37.3,1,2,0,0,4,21,0.8421052631578947,82.71680000000005,-4.02
Heptane,CCCCCCC,100.205,2.976700000000002,0.0,0,0,4,0,0,7,1.0,34.432999999999986,-4.53
1-Napthol,Oc1cccc2ccccc12,144.17299999999997,2.5454000000000008,20.23,1,1,0,2,2,11,0.0,45.61280000000003,-2.22
"cis-1,2-Dimethylcyclohexane",C/C1CCCCC1\C,112.216,2.832600000000001,0.0,0,0,0,0,1,8,1.0,36.79599999999999,-4.3
Trimazosin,COc2cc1c(N)nc(nc1c(OC)c2OC)N3CCN(CC3)C(=O)OCC(C)(C)O ,435.48100000000034,1.2672999999999996,132.5,2,10,6,2,3,31,0.55,115.03820000000005,-3.638
Cholanthrene,C1Cc2c3c1cccc3cc4c2ccc5ccccc54,254.33199999999997,5.244800000000004,0.0,0,0,0,4,5,20,0.1,86.36800000000005,-7.85
Medrogestone,CC(=O)C3(C)CCC4C2C=C(C)C1=CC(=O)CCC1(C)C2CCC34C,340.5070000000001,5.279700000000005,34.14,0,2,1,0,4,25,0.7391304347826086,100.02100000000006,-5.27
2-Heptanone,CCCCCC(=O)C,114.18799999999999,2.1557000000000004,17.07,0,1,4,0,0,8,0.8571428571428571,34.822999999999986,-1.45
Acephate,COP(=O)(NC(C)=O)SC ,183.16899999999998,1.24,55.4,1,4,3,0,0,10,0.75,41.94720000000002,0.54
DEF,CCCCSP(=O)(SCCCC)SCCCC,314.5220000000001,6.694400000000005,17.07,0,4,12,0,0,17,1.0,89.70450000000005,-5.14
phthalamide,c1cC2C(=O)NC(=O)C2cc1,149.149,0.0011999999999999234,46.17,1,2,0,0,2,11,0.25,38.40970000000001,-2.932
Trichlomethiazide,NS(=O)(=O)c2cc1c(NC(NS1(=O)=O)C(Cl)Cl)cc2Cl ,380.66200000000003,0.8210000000000011,118.35999999999999,3,5,2,1,2,20,0.25,76.05140000000002,-2.68
2-Methy-2-Butene,CC=C(C)C,70.13499999999999,1.9725,0.0,0,0,0,0,0,5,0.6,25.10499999999999,-2.56
"1,2,4-Trimethylbenzene",Cc1ccc(C)c(C)c1,120.195,2.611860000000001,0.0,0,0,0,1,1,9,0.3333333333333333,40.65300000000001,-3.31
"2,4,5-Trichlorophenol ",Oc1cc(Cl)c(Cl)cc1Cl,197.448,3.3524000000000003,20.23,1,1,0,1,1,10,0.0,43.13680000000001,-2.21
phenanthridine,c1ccc2c(c1)cnc3ccccc23 ,179.22199999999998,3.388000000000001,12.89,0,1,0,3,3,14,0.0,59.249000000000024,-2.78
3-Methyl-3-hexanol,CCCC(C)(O)CC,116.20399999999998,1.9475,20.23,1,1,3,0,0,8,1.0,35.822799999999994,-0.98
Octane,CCCCCCCC,114.232,3.3668000000000022,0.0,0,0,5,0,0,8,1.0,39.05,-5.24
Anthracene,c1ccc2cc3ccccc3cc2c1,178.23399999999995,3.993000000000002,0.0,0,0,0,3,3,14,0.0,61.45400000000003,-6.35
Phenylhydrazine,NNc1ccccc1,108.14399999999998,0.9722000000000002,38.05,2,2,1,1,1,8,0.0,34.25210000000001,0.07
Propionaldehyde,CCC=O,58.08,0.5952999999999999,17.07,0,1,1,0,0,4,0.6666666666666666,16.355,0.58
Cyclooctane,C1CCCCCCC1,112.21600000000001,3.120800000000002,0.0,0,0,0,0,1,8,1.0,36.93599999999999,-4.15
"5,5-Diallylbarbital",O=C1NC(=O)NC(=O)C1(CC=C)CC=C,208.21699999999996,0.49099999999999966,75.27000000000001,2,3,4,0,1,15,0.3,53.74240000000001,-2.077
Trichloromethane,ClC(Cl)Cl,119.37800000000001,1.9864,0.0,0,0,0,0,0,4,1.0,21.346999999999998,-1.17
thiouracil,Sc1nccc(=O)[nH]1 ,128.15599999999998,0.05860000000000004,45.75,2,3,0,1,1,8,0.0,32.1097,-2.273
Pencycuron,Clc1ccc(CN(C2CCCC2)C(=O)Nc3ccccc3)cc1,328.84299999999996,5.316700000000004,32.34,1,1,4,2,3,23,0.3157894736842105,94.71170000000004,-5.915
1-Methylcyclohexene ,CC1=CCCCC1,96.17300000000002,2.5067000000000004,0.0,0,0,0,0,1,7,0.7142857142857143,32.22499999999999,-3.27
2-Ethylhexanal,CCCCC(CC)C=O,128.21499999999997,2.401700000000001,17.07,0,1,5,0,0,9,0.875,39.37,-2.13
Khellin,COc2c1occc1c(OC)c3c(=O)cc(C)oc23 ,260.24499999999995,2.8648200000000017,61.81,0,5,2,3,3,19,0.21428571428571427,70.09700000000002,-3.0210000000000004
5-Ethyl-5-(3-methylbutyl)barbital,O=C1NC(=O)NC(=O)C1(CC)CCC(C)C,226.27599999999995,1.1849999999999992,75.27000000000001,2,3,4,0,1,16,0.7272727272727273,58.47740000000003,-2.658
Benzo(j)fluoranthene,c1ccc2c3c(ccc2c1)c4cccc5cccc3c45,252.31599999999997,5.640400000000003,0.0,0,0,0,4,5,20,0.0,85.88400000000003,-8.0
2-Ethylbutanal,CCC(CC)C=O,100.16099999999999,1.6215,17.07,0,1,3,0,0,7,0.8333333333333334,30.13599999999998,-1.52
Dipropyl ether,CCCOCCC,102.17699999999999,1.823,9.23,0,1,4,0,0,7,1.0,31.400999999999982,-1.62
1-Tetradecanol,CCCCCCCCCCCCCCO,214.39299999999994,4.679800000000005,20.23,1,1,12,0,0,15,1.0,68.16380000000005,-5.84
"2,3,6-Trichlorophenol",Oc1c(Cl)ccc(Cl)c1Cl,197.44799999999998,3.3523999999999994,20.23,1,1,0,1,1,10,0.0,43.13680000000001,-2.64
Urea,NC(=O)N,60.056,-0.9762,69.11,2,1,0,0,0,4,0.0,13.7708,0.96
1-Pentyne,CCCC#C,68.11899999999999,1.4197,0.0,0,0,1,0,0,5,0.6,23.74099999999999,-1.64
"1,3-Dibromobenzene",Brc1cccc(Br)c1,235.90599999999998,3.2116000000000007,0.0,0,0,0,1,1,8,0.0,41.842000000000006,-3.54
1-Octadecanol,CCCCCCCCCCCCCCCCCCO,270.50099999999986,6.240200000000008,20.23,1,1,16,0,0,19,1.0,86.63180000000007,-8.4
Acetanilide,CC(=O)Nc1ccccc1,135.16599999999997,1.6449999999999998,29.1,1,1,1,1,1,10,0.125,40.74570000000002,-1.33
hematein,c1cc(O)c(O)c2OCC3(O)CC4=CC(=O)C(O)=CC4=C3c21,300.266,1.3295999999999997,107.22000000000001,4,6,0,1,4,22,0.1875,75.5552,-2.7
Isonazid,c1nccc(C(=O)NN)c1,137.14200000000002,-0.3149000000000001,68.01,2,3,1,1,1,10,0.0,35.8906,0.009
hydroxychlordene,OC1C=CC2C1C3(Cl)C(=C(Cl)C2(Cl)C3(Cl)Cl)Cl ,354.8749999999999,3.995,20.23,1,1,0,0,3,17,0.6,72.4638,-5.46
Isopentyl formate,CC(C)CCOC=O,116.15999999999998,1.2055,26.3,0,2,4,0,0,8,0.8333333333333334,31.470999999999982,-1.52
Acetophenone,CC(=O)c1ccccc1,120.15099999999995,1.8892,17.07,0,1,1,1,1,9,0.125,36.44650000000001,-1.28
biquinoline,c2ccc1nc(ccc1c2)c4ccc3ccccc3n4 ,256.308,4.450000000000003,25.78,0,2,1,4,4,20,0.0,82.48000000000005,-5.4
Triethyl phosphate,CCOP(=O)(OCC)OCC,182.15599999999998,2.2039999999999997,44.760000000000005,0,4,6,0,0,11,1.0,42.48450000000001,0.43
D-fenchone,CC2(C)C1CCC(C)(C1)C2=O,152.237,2.401700000000001,17.07,0,1,0,0,2,11,0.9,44.23600000000002,-1.85
7-methoxypteridine,COc2cnc1cncnc1n2,162.152,0.42839999999999984,60.790000000000006,0,5,1,2,2,12,0.14285714285714285,41.68000000000001,-0.91
Chlordene,ClC2=C(Cl)C3(Cl)C1C=CCC1C2(Cl)C3(Cl)Cl ,338.876,5.024200000000001,0.0,0,0,0,0,3,16,0.6,71.07400000000001,-5.64
2-Nitropropane,CC(C)N(=O)=O,89.094,0.6715,43.14,0,2,1,0,0,6,1.0,22.130399999999995,-0.62
Carbazole,c1ccc2c(c1)[nH]c3ccccc32,167.21099999999998,3.3211000000000013,15.79,1,0,0,3,3,13,0.0,55.804700000000025,-5.27
Erythritol,OCC(O)C(O)CO,122.11999999999999,-2.3071999999999995,80.92,4,4,3,0,0,8,1.0,26.18519999999999,0.7
Risocaine,CCCOC(=O)c1ccc(N)cc1,179.21899999999997,1.8356,52.32,1,3,3,1,1,13,0.3,51.42790000000003,-2.452
Azodrin,CNC(=O)C=C(C)OP(=O)(OC)OC,223.16499999999996,1.0536999999999999,73.86,1,5,5,0,0,14,0.5714285714285714,50.53320000000002,0.6509999999999999
Succinimide,O=C1CCC(=O)N1,99.089,-0.577,46.17,1,2,0,0,1,7,0.5,22.383699999999994,0.3
"2,3-Dimethylpentane",CCC(C)C(C)C,100.20499999999998,2.6885000000000012,0.0,0,0,2,0,0,7,1.0,34.292999999999985,-4.28
bupirimate,CCCCc1c(C)nc(NCC)nc1OS(=O)(=O)N(C)C ,316.4270000000001,1.74462,84.42,1,6,8,1,1,21,0.6923076923076923,82.77950000000004,-4.16
RTI 16,CCN2c1ncccc1N(C)C(=S)c3cccnc23 ,270.361,2.759900000000001,32.260000000000005,0,4,1,2,3,19,0.21428571428571427,81.25700000000003,-4.6339999999999995
RTI 9,O2c1ccccc1N(CC)C(=O)c3ccccc23 ,239.274,3.4590000000000023,29.54,0,2,1,2,3,18,0.13333333333333333,70.30850000000002,-3.68
Tetrahydropyran ,C1CCOCC1,86.134,1.1869,9.23,0,1,0,0,1,6,1.0,24.66999999999999,-0.03
1-Heptyne,CCCCCC#C,96.17299999999999,2.1999000000000004,0.0,0,0,3,0,0,7,0.7142857142857143,32.97499999999998,-3.01
osthole,c1cc2ccc(OC)c(CC=C(C)(C))c2oc1=O ,244.28999999999994,3.3103000000000025,39.44,0,3,3,2,2,18,0.26666666666666666,72.17100000000002,-4.314
3-Methylcholanthrene,c1cc(C)cc2c1c3cc4cccc5CCc(c45)c3cc2,268.3589999999999,5.553220000000004,0.0,0,0,0,4,5,21,0.14285714285714285,91.10500000000003,-7.92
Ethyl benzoate ,CCOC(=O)c1ccccc1,150.177,1.8633,26.3,0,2,2,1,1,11,0.2222222222222222,42.39850000000003,-2.32
1-Chloro-2-methylpropane,ClCC(C)C,92.569,1.8812,0.0,0,0,1,0,0,5,1.0,25.55799999999999,-2.0
Ethinyl estradiol,CC34CCC1C(CCc2cc(O)ccc12)C3CCC4(O)C#C ,296.41,3.6126000000000023,40.46,2,2,0,1,4,22,0.6,86.50660000000003,-4.3
methyl laurate,CCCCCCCCCCCC(=O)OC,214.34899999999996,4.080300000000003,26.3,0,2,10,0,0,15,0.9230769230769231,63.860000000000056,-4.69
Di-n-propylsulfide,CCCSCCC,118.24499999999999,2.539600000000001,0.0,0,1,4,0,0,7,1.0,37.907000000000004,-2.58
Napthacene,c1ccc2cc3cc4ccccc4cc3cc2c1,228.29399999999998,5.146200000000003,0.0,0,0,0,4,4,18,0.0,78.96000000000002,-8.6
1-Bromopentane,CCCCCBr,151.047,2.5715000000000012,0.0,0,0,3,0,0,6,1.0,33.31899999999999,-3.08
trans-2-Heptene ,CCCC/C=C/C,98.18899999999998,2.752700000000001,0.0,0,0,3,0,0,7,0.7142857142857143,34.33899999999999,-3.82
Metranidazole,Cc1ncc(N(=O)=O)n1CCO ,171.15599999999998,0.09201999999999994,81.19,1,4,3,1,1,12,0.5,40.704200000000014,-1.26
Pentylcyclopentane,CCCCCC1CCCC1,140.26999999999998,3.7569000000000026,0.0,0,0,4,0,1,10,1.0,46.10000000000002,-6.08
"2,2',3,5,5',6-PCB",Clc1ccc(Cl)c(c1)c2c(Cl)c(Cl)cc(Cl)c2Cl ,360.88200000000006,7.274000000000001,0.0,0,0,1,2,2,18,0.0,81.938,-7.42
5-Ethyl-5-isopropylbarbituric acid,O=C1NC(=O)NC(=O)C1(CC)C(C)C,198.22199999999998,0.4047999999999994,75.27000000000001,2,3,2,0,1,14,0.6666666666666666,49.24340000000002,-2.148
"1,1,1-Trichloroethane",CC(Cl)(Cl)Cl,133.405,2.376500000000001,0.0,0,0,0,0,0,5,1.0,25.963999999999995,-2.0
Monolinuron,CON(C)C(=O)Nc1ccc(Cl)cc1,214.652,2.365100000000001,41.57,1,2,2,1,1,14,0.2222222222222222,55.24270000000003,-2.57
Cyclohexyl-5-spirobarbituric acid,O=C2NC(=O)C1(CCCCC1)C(=O)N2,196.206,0.3029,75.27,2,3,0,0,2,14,0.6666666666666666,47.19940000000002,-3.06
dimetan,CN(C)C(=O)OC1=CC(=O)CC(C)(C)C1 ,211.26099999999994,1.9576,46.61,0,3,1,0,1,15,0.6363636363636364,56.27300000000003,-0.85
4-Bromotoluene,Cc1ccc(Br)cc1,171.03700000000003,2.7575200000000013,0.0,0,0,0,1,1,8,0.14285714285714285,38.87900000000002,-3.19
Diethyl ether ,CCOCC,74.123,1.0428000000000002,9.23,0,1,2,0,0,5,1.0,22.166999999999994,-0.09
Rovral,CC(C)NC(=O)N1CC(=O)N(C1=O)c2cc(Cl)cc(Cl)c2,330.17100000000005,2.880000000000001,69.72,1,3,2,1,2,21,0.3076923076923077,79.71770000000004,-4.376
Benfluralin,CCCCN(CC)c1c(cc(cc1N(=O)=O)C(F)(F)F)N(=O)=O,335.28200000000004,4.148200000000004,89.51999999999998,0,5,7,1,1,23,0.5384615384615384,77.54780000000001,-5.53
"2,4,6-Trimethylphenol",Cc1cc(C)c(O)c(C)c1,136.194,2.3174600000000005,20.23,1,1,0,1,1,10,0.3333333333333333,42.31780000000002,-2.05
Benzene ,c1ccccc1,78.11399999999999,1.6866,0.0,0,0,0,1,1,6,0.0,26.441999999999993,-1.64
p-Chloroiodobenzene,Clc1ccc(I)cc1,238.45499999999998,2.944600000000001,0.0,0,0,0,1,1,8,0.0,44.16900000000001,-4.03
Metoxuron,COc1ccc(NC(=O)N(C)C)cc1Cl,228.67899999999997,2.4421,41.57,1,2,2,1,1,15,0.3,60.70970000000002,-2.5639999999999996
propachlor,CC(C)N(C(=O)CCl)c1ccccc1 ,211.69200000000004,2.666800000000001,20.310000000000002,0,1,3,1,1,14,0.36363636363636365,59.78400000000004,-2.48
Styrene,C=Cc1ccccc1,104.15199999999997,2.3296,0.0,0,0,1,1,1,8,0.0,36.53300000000001,-2.82
Dimethoxymethane,COCOC,76.095,0.23670000000000002,18.46,0,2,2,0,0,5,1.0,18.884999999999998,0.48
o-Xylene ,Cc1ccccc1C,106.16799999999999,2.30344,0.0,0,0,0,1,1,8,0.25,35.916,-2.8
Butan-2-ol,CCC(C)O,74.12299999999999,0.7771999999999999,20.23,1,1,1,0,0,5,1.0,21.971799999999995,0.47
"1,4-Benzenediol",Oc1ccc(O)cc1,110.11199999999998,1.0977999999999999,40.46,2,2,0,1,1,8,0.0,29.771599999999996,-0.17
estriol,CC34CCC1C(CCc2cc(O)ccc12)C3CC(O)C4O ,288.387,2.5800000000000005,60.69,3,3,0,1,4,21,0.6666666666666666,80.12040000000003,-4.955
Benzo(b)fluorene,C1c2ccccc2c3cc4ccccc4cc13,216.283,4.411000000000002,0.0,0,0,0,3,4,17,0.058823529411764705,72.19000000000003,-8.04
hydantoin,O=C1CNC(=O)N1 ,100.077,-1.1742,58.2,2,2,0,0,1,7,0.3333333333333333,21.5414,-0.4
4-hexylresorcinol,c1(O)cc(O)ccc1CCCCCC,194.27399999999992,3.220600000000001,40.46,2,2,5,1,1,14,0.5,57.61760000000004,-2.59
allicin,C=CCS(=O)SCC=C,162.27899999999997,1.7553,17.07,0,2,5,0,0,9,0.3333333333333333,45.86140000000002,-0.83
Coumaphos,CCOP(=S)(OCC)Oc2ccc1oc(=O)c(Cl)c(C)c1c2,362.77100000000013,4.4311200000000035,57.9,0,6,6,2,2,22,0.35714285714285715,90.39600000000003,-5.382000000000001
"5,6-Dimethylchrysene",Cc1c(C)c2c3ccccc3ccc2c4ccccc14,256.348,5.763040000000004,0.0,0,0,0,4,4,20,0.1,88.43400000000005,-7.01
Betamethasone-17-valerate,CCCCC(=O)OC3(C(C)CC4C2CCC1=CC(=O)C=CC1(C)C2(F)C(O)CC34C)C(=O)CO,476.5850000000002,3.636800000000003,100.90000000000002,2,6,6,0,4,34,0.7407407407407407,123.34260000000008,-4.71
uric acid,O=c2[nH]c(=O)c1[nH]c(=O)[nH]c1[nH]2 ,168.112,-1.7672000000000003,114.36999999999998,4,3,0,2,2,12,0.0,40.16079999999998,-3.93
"2,3,4,6-Tetrachlorophenol",Oc1c(Cl)cc(Cl)c(Cl)c1Cl,231.89299999999997,4.005799999999999,20.23,1,1,0,1,1,11,0.0,48.146800000000006,-3.1
"1,3-Dichlorobenzene",Clc1cccc(Cl)c1,147.004,2.993400000000001,0.0,0,0,0,1,1,8,0.0,36.46200000000001,-3.04
DDT,Clc1ccc(cc1)C(c2ccc(Cl)cc2)C(Cl)(Cl)Cl,354.491,6.495500000000002,0.0,0,0,2,2,2,19,0.14285714285714285,85.03700000000002,-7.15
Isobutyl formate,CC(C)COC=O,102.13299999999998,0.8154,26.3,0,2,3,0,0,7,0.8,26.853999999999985,-1.01
thioanisole,c1ccccc1SC,124.208,2.408500000000001,0.0,0,1,1,1,1,8,0.14285714285714285,38.22300000000001,-2.39
RTI 13,CCN2c1nc(C)cc(C(F)(F)F)c1NC(=O)c3cccnc23 ,322.29,3.5275200000000018,58.120000000000005,1,4,1,2,3,23,0.26666666666666666,78.84620000000002,-4.207
Hexane ,CCCCCC,86.178,2.5866000000000007,0.0,0,0,3,0,0,6,1.0,29.81599999999998,-3.84
methyl nicotinate,COC(=O)c1cccnc1 ,137.138,0.8681999999999999,39.19,0,3,1,1,1,10,0.14285714285714285,35.5765,-0.46
Bendroflumethiazide,NS(=O)(=O)c3cc2c(NC(Cc1ccccc1)NS2(=O)=O)cc3C(F)(F)F,421.4220000000001,1.6254,118.35999999999999,3,5,3,2,3,27,0.2,90.69540000000003,-3.59
"2,3,3',4,4',5-PCB",Clc1ccc(cc1Cl)c2cc(Cl)c(Cl)c(Cl)c2Cl ,360.88200000000006,7.274,0.0,0,0,1,2,2,18,0.0,81.938,-7.82
Vinclozolin,CC1(OC(=O)N(C1=O)c2cc(Cl)cc(Cl)c2)C=C,286.11400000000003,3.4213000000000022,46.61,0,3,2,1,2,18,0.16666666666666666,69.03100000000002,-4.925
Cyanazine,CCNc1nc(Cl)nc(NC(C)(C)C#N)n1,240.698,1.6708799999999997,86.52,2,6,4,1,1,16,0.5555555555555556,62.31540000000002,-3.15
Triphenylene,c1ccc2c(c1)c3ccccc3c4ccccc24,228.29399999999998,5.146200000000003,0.0,0,0,0,4,4,18,0.0,78.96000000000005,-6.726
Dienestrol,CC=C(C(=CC)c1ccc(O)cc1)c2ccc(O)cc2,266.34,4.604600000000004,40.46,2,2,3,2,2,20,0.1111111111111111,83.51560000000003,-4.95
Di(2-ethylhexyl)-phthalate,CCCCC(CC)COC(=O)c1ccccc1C(=O)OCC(CC)CCCC,390.5640000000003,6.433000000000007,52.60000000000001,0,4,14,1,1,28,0.6666666666666666,113.61900000000009,-6.96
2-Ethyl pyridine,CCc1ccccn1,107.15599999999998,1.644,12.89,0,1,1,1,1,8,0.2857142857142857,33.614999999999995,0.51
Naled,COP(=O)(OC)OC(Br)C(Cl)(Cl)Br,380.784,3.651200000000001,44.760000000000005,0,4,5,0,0,13,1.0,58.78850000000002,-2.28
Biphenyl,c1ccc(cc1)c2ccccc2,154.21199999999996,3.353600000000002,0.0,0,0,1,2,2,12,0.0,51.87800000000003,-4.345
"2,2',4,4',6,6'-PCB",Clc1cc(Cl)c(c(Cl)c1)c2c(Cl)cc(Cl)cc2Cl ,360.88200000000006,7.274000000000001,0.0,0,0,1,2,2,18,0.0,81.938,-8.71
Altretamine,CN(C)c1nc(nc(n1)N(C)C)N(C)C,210.285,0.0696000000000001,48.39000000000001,0,6,3,1,1,15,0.6666666666666666,62.808000000000035,-3.364
"2,4-Dimethyl-2-pentanol ",CC(C)CC(C)(C)O,116.20399999999998,1.8034,20.23,1,1,2,0,0,8,1.0,35.75279999999999,-0.92
Cycloheptyl-5-spirobarbituric acid,O=C2NC(=O)C1(CCCCCC1)C(=O)N2 ,210.23299999999998,0.6929999999999998,75.27,2,3,0,0,2,15,0.7,51.81640000000002,-3.168
Fructose,OCC1OC(O)(CO)C(O)C1O,180.156,-3.2197999999999998,110.38000000000001,5,6,2,0,1,12,1.0,36.008,0.64
"3,5-Dimethylphenol",Cc1cc(C)cc(O)c1,122.16699999999997,2.0090399999999997,20.23,1,1,0,1,1,9,0.25,37.5808,-1.4
Barban,ClCC#CCOC(=O)Nc1cccc(Cl)c1,258.104,3.130700000000001,38.33,1,2,2,1,1,16,0.18181818181818182,64.91870000000002,-4.37
p-Chloroacetanilide,CC(=O)Nc1ccc(Cl)cc1,169.611,2.2984,29.1,1,1,1,1,1,11,0.125,45.75570000000002,-2.843
"2,2',3,4,5,5',6-PCB",Clc1ccc(Cl)c(c1)c2c(Cl)c(Cl)c(Cl)c(Cl)c2Cl,395.3270000000001,7.9274000000000004,0.0,0,0,1,2,2,19,0.0,86.94800000000001,-8.94
"2,2-Dimethylbutane",CCC(C)(C)C,86.17799999999998,2.442500000000001,0.0,0,0,0,0,0,6,1.0,29.74599999999998,-3.55
N-Methylaniline ,CNc1ccccc1,107.15599999999998,1.7283,12.03,1,1,1,1,1,8,0.14285714285714285,35.98870000000001,-1.28
"1,4-Pentadiene ",C=CCC=C,68.119,1.7485,0.0,0,0,2,0,0,5,0.2,25.01099999999999,-2.09
Hydrocortisone 21-acetate,CC(=O)OCC(=O)C1(O)CCC2C3CCC4=CC(=O)CCC4(C)C3C(O)CC21C,404.5030000000002,2.3524000000000003,100.90000000000002,2,6,3,0,4,29,0.782608695652174,104.68960000000006,-4.88
DNOC,Cc1cc(cc(N(=O)=O)c1O)N(=O)=O,198.134,1.5170200000000003,106.51000000000002,1,5,2,1,1,14,0.14285714285714285,46.152600000000014,-1.456
Lorazepam,OC3N=C(c1ccccc1Cl)c2cc(Cl)ccc2NC3=O,321.163,3.101300000000001,61.690000000000005,2,3,1,2,3,21,0.06666666666666667,83.17950000000002,-3.604
3-Chlorophenol,Oc1cccc(Cl)c1,128.558,2.0456,20.23,1,1,0,1,1,8,0.0,33.1168,-0.7
m-Chlorobromobenzene,Clc1cccc(Br)c1,191.45499999999998,3.102500000000001,0.0,0,0,0,1,1,8,0.0,39.15200000000001,-3.21
chlorothiazide,NS(=O)(=O)c2cc1c(N=CNS1(=O)=O)cc2Cl ,295.72900000000004,-0.06089999999999923,118.69,2,5,1,1,2,17,0.0,61.29870000000001,-3.05
5-Methyl-5-ethylbarbituric acid,O=C1NC(=O)NC(=O)C1(C)CC,170.16799999999998,-0.2313000000000005,75.27000000000001,2,3,1,0,1,12,0.5714285714285714,40.07940000000002,-1.228
2-Phenoxyethanol,OCCOc1ccccc1,138.16599999999997,1.0576999999999999,29.46,1,2,3,1,1,10,0.25,39.02280000000002,-0.7
Diphenylmethane,C(c1ccccc1)c2ccccc2,168.239,3.277400000000002,0.0,0,0,2,2,2,13,0.07692307692307693,55.69000000000003,-4.08
3-Octanol,CCCCCC(O)CC,130.23099999999997,2.3376,20.23,1,1,5,0,0,9,1.0,40.439800000000005,-1.98
Flumetralin,CCN(Cc1c(F)cccc1Cl)c2c(cc(cc2N(=O)=O)C(F)(F)F)N(=O)=O,421.7340000000001,5.340800000000003,89.51999999999998,0,5,6,2,2,28,0.25,92.88680000000005,-6.78
Propazine,CC(C)Nc1nc(Cl)nc(NC(C)C)n1,229.71500000000003,2.1655999999999995,62.730000000000004,2,5,4,1,1,15,0.6666666666666666,62.35440000000003,-4.43
2-Methylpentanol,CCCC(C)CO,102.17699999999999,1.4149,20.23,1,1,3,0,0,7,1.0,31.15779999999998,-1.11
2-Methyl-2-hexanol,CCCCC(C)(C)O,116.20399999999998,1.9475000000000002,20.23,1,1,3,0,0,8,1.0,35.822799999999994,-1.08
Ethylbenzene,CCc1ccccc1,106.16799999999996,2.2490000000000006,0.0,0,0,1,1,1,8,0.25,35.82,-2.77
5-(3-Methyl-2-butenyl)-5-ethylbarbital,O=C1NC(=O)NC(=O)C1(CC)CC=C(C)C,224.25999999999996,1.1050999999999993,75.27000000000001,2,3,3,0,1,16,0.5454545454545454,58.45340000000002,-2.253
Heptachlor,ClC1C=CC2C1C3(Cl)C(=C(Cl)C2(Cl)C3(Cl)Cl)Cl,373.3209999999999,5.2415,0.0,0,0,0,0,3,17,0.6,76.09800000000001,-6.317
butallylonal,CCC(C)C1(CC(Br)=C)C(=O)NC(=O)NC1=O ,303.156,1.6836,75.27000000000001,2,3,4,0,1,17,0.5454545454545454,66.25340000000001,-2.647
Fenpropathrin,CC1(C)C(C(=O)OC(C#N)c2cccc(Oc3ccccc3)c2)C1(C)C,349.43000000000006,5.268980000000004,59.32000000000001,0,4,5,2,3,26,0.36363636363636365,98.45600000000006,-6.025
Methoprene,COC(C)(C)CCCC(C)CC=CC(C)=CC(=O)OC(C)C,310.47800000000007,5.062000000000006,35.53,0,3,10,0,0,22,0.7368421052631579,92.84500000000007,-5.19
Ethyl propionate,CCOC(=O)CC,102.133,0.9595,26.3,0,2,2,0,0,7,0.8,26.923999999999985,-0.66
Prometryn,CSc1nc(NC(C)C)nc(NC(C)C)n1,241.364,2.2340999999999998,62.730000000000004,2,6,5,1,1,16,0.7,69.12540000000003,-4.1
Buturon,CC(C#C)N(C)C(=O)Nc1ccc(Cl)cc1,236.702,2.825400000000001,32.34,1,1,2,1,1,16,0.25,66.52870000000003,-3.9
"2,3-Dimethylnaphthalene",Cc1cc2ccccc2cc1C,156.22799999999998,3.456640000000002,0.0,0,0,0,2,2,12,0.16666666666666666,53.42200000000003,-4.72
"2,4',5-PCB",Clc1ccc(cc1)c2cc(Cl)ccc2Cl ,257.547,5.313800000000001,0.0,0,0,1,2,2,15,0.0,66.90800000000002,-6.25
"2,3',4,4',5-PCB",Clc1ccc(c(Cl)c1)c2cc(Cl)c(Cl)c(Cl)c2Cl ,360.88200000000006,7.274000000000001,0.0,0,0,1,2,2,18,0.0,81.938,-7.39
2-cyanoguanidine,NC(N)=NC#N ,84.082,-1.2591199999999998,88.19,2,2,0,0,0,6,0.0,21.422800000000006,-0.31
Chloropicrin,ClC(Cl)(Cl)N(=O)=O,164.375,1.5908000000000002,43.14,0,2,0,0,0,7,1.0,27.2844,-2.0
"2,6-PCB",Clc1cccc(Cl)c1c2ccccc2 ,223.102,4.660400000000003,0.0,0,0,1,2,2,14,0.0,61.89800000000002,-5.21
p-Methoxybenzaldehyde,COc1ccc(C=O)cc1,136.14999999999998,1.5076999999999998,26.3,0,2,2,1,1,10,0.125,38.38150000000001,-1.49
4-Nitroacetanilide,CC(=O)Nc1ccc(cc1)N(=O)=O,180.16299999999998,1.5531999999999997,72.24000000000001,1,3,2,1,1,13,0.125,47.40010000000001,-2.6919999999999997
Ethyl heptanoate,CCCCCCC(=O)OCC,158.24099999999999,2.5199000000000007,26.3,0,2,6,0,0,11,0.8888888888888888,45.39200000000002,-2.74
p-Hydroxyacetanilide,CC(=O)Nc1ccc(O)cc1,151.165,1.3505999999999998,49.33,2,2,1,1,1,11,0.125,42.41050000000002,-1.03
indazole,c2ccc1[nH]ncc1c2 ,118.13899999999998,1.5629,28.68,1,1,0,2,2,9,0.0,36.0937,-2.16
triamcinolone acetonide,CC5(C)OC4CC3C2CCC1=CC(=O)C=CC1(C)C2(F)C(O)CC3(C)C4(O5)C(=O)CO ,434.50400000000025,2.4188000000000005,93.06000000000002,2,6,2,0,5,31,0.75,108.59860000000005,-4.31
guanine,Nc2nc1[nH]cnc1c(=O)[nH]2 ,151.129,-0.7716000000000003,100.44999999999999,3,4,0,2,2,11,0.0,38.92179999999999,-3.583
Methyl acetate,COC(=O)C,74.07900000000001,0.1792999999999999,26.3,0,2,0,0,0,5,0.6666666666666666,17.689999999999998,0.46
Stanolone,CC34CCC1C(CCC2CC(=O)CCC12C)C3CCC4O ,290.44699999999995,3.9591000000000034,37.3,1,2,0,0,4,21,0.9473684210526315,82.74080000000005,-4.743
1-Hexene-3-ol,CCCC(O)C=C,100.16099999999999,1.3334,20.23,1,1,3,0,0,7,0.6666666666666666,31.111799999999985,-0.59
norbormide,OC(C1=CC2C5C(C1C2=C(c3ccccc3)c4ccccn4)C(=O)NC5=O)(c6ccccc6)c7ccccn7 ,511.5810000000002,4.289400000000002,92.18,2,5,5,4,7,39,0.15151515151515152,145.57149999999982,-3.931
Dibutyl ether ,CCCCOCCCC,130.231,2.603200000000001,9.23,0,1,6,0,0,9,1.0,40.635000000000005,-1.85
1-Dodecanol,CCCCCCCCCCCCO,186.33899999999997,3.8996000000000035,20.23,1,1,10,0,0,13,1.0,58.92980000000006,-4.8
RTI 6,CCN2c1nc(N(C)(CCO))ccc1NC(=O)c3cccnc23 ,313.36100000000005,1.6287999999999996,81.59000000000002,2,6,4,2,3,23,0.3125,89.46300000000004,-3.36
2-Methyl-2-pentanol,CCCC(C)(C)O,102.17699999999998,1.5574,20.23,1,1,2,0,0,7,1.0,31.205799999999982,-0.49
Flucytosine,Nc1nc(=O)[nH]cc1F,129.09399999999997,-0.5088000000000001,71.77,2,3,0,1,1,9,0.0,29.228100000000005,-0.972
stadacaine,CCCCOc1ccc(C(=O)OCC)c(c1)N(CC)CC ,293.40700000000004,3.8884000000000034,38.77,0,4,9,1,1,21,0.5882352941176471,86.36250000000007,-3.84
2-Methyl-2-heptanol,CCCCCC(C)(C)O,130.231,2.3376000000000006,20.23,1,1,4,0,0,9,1.0,40.439800000000005,-1.72
Hexamethylbenzene,Cc1c(C)c(C)c(C)c(C)c1C,162.27599999999998,3.5371200000000025,0.0,0,0,0,1,1,12,0.5,54.86400000000003,-5.23
Thymol,CC(C)c1ccc(C)cc1O,150.22099999999998,2.824020000000002,20.23,1,1,1,1,1,11,0.4,46.93280000000003,-2.22
Pteridine,c2cnc1ncncc1n2,132.12599999999998,0.41979999999999984,51.56,0,4,0,2,2,10,0.0,35.12800000000001,0.02
Parathion,CCOP(=S)(OCC)Oc1ccc(cc1)N(=O)=O,291.26500000000004,3.2711000000000023,70.83000000000001,0,6,7,1,1,18,0.4,71.26140000000002,-4.66
Methane,C,16.043,0.6361,0.0,0,0,0,0,0,1,1.0,6.731,-0.9
indoline,c2ccc1NCCc1c2 ,119.16699999999999,1.6545999999999998,12.03,1,1,0,1,2,9,0.25,38.63570000000001,-1.04
1-Nitronapthalene,O=N(=O)c1cccc2ccccc12,173.171,2.748000000000001,43.14,0,2,1,2,2,13,0.0,50.60240000000002,-3.54
3-Methyl-2-pentanone,CCC(C)C(=O)C,100.16099999999999,1.6215,17.07,0,1,2,0,0,7,0.8333333333333334,30.13599999999998,-0.67
isoguanine,Nc1nc(O)nc2nc[nH]c12 ,151.129,-0.3593,100.71000000000001,3,5,0,2,2,11,0.0,37.7609,-3.401
bromadiolone,OC(CC(c1ccccc1)c3c(O)c2ccccc2oc3=O)c4ccc(cc4)c5ccc(Br)cc5 ,527.4140000000002,7.183700000000006,70.67,2,4,6,5,5,35,0.1,141.58859999999984,-4.445
Nitromethane,CN(=O)=O,61.040000000000006,-0.10710000000000008,43.14,0,2,0,0,0,4,1.0,12.9184,0.26
Triallate,CC(C)N(C(C)C)C(=O)SCC(Cl)=C(Cl)Cl,304.66999999999996,4.843900000000003,20.310000000000002,0,2,4,0,0,16,0.7,74.55000000000003,-4.88
"1,5-Hexadiene ",C=CCCC=C,82.14599999999999,2.1386000000000003,0.0,0,0,3,0,0,6,0.3333333333333333,29.627999999999986,-2.68
Indole,c2ccc1[nH]ccc1c2,117.15099999999997,2.1678999999999995,15.79,1,0,0,2,2,9,0.0,38.29870000000001,-1.52
Androstenedione,CC34CCC1C(CCC2=CC(=O)CCC12C)C3CCC4=O,286.415,4.087400000000003,34.14,0,2,0,0,4,21,0.7894736842105263,81.71700000000004,-3.69
1-Hexene,CCCCC=C,84.16199999999999,2.3626000000000005,0.0,0,0,3,0,0,6,0.6666666666666666,29.721999999999984,-3.23
Xipamide,Cc1cccc(C)c1NC(=O)c2cc(c(Cl)cc2O)S(N)(=O)=O,354.8150000000001,2.5621400000000008,109.48999999999998,3,4,3,2,2,23,0.13333333333333333,88.35920000000002,-3.79
Ethylcyclohexane,CCC1CCCCC1,112.21600000000001,2.976700000000002,0.0,0,0,1,0,1,8,1.0,36.86599999999999,-4.25
2-Nonanone,CCCCCCCC(=O)C,142.242,2.935900000000001,17.07,0,1,6,0,0,10,0.8888888888888888,44.057000000000016,-2.58
Mebendazole,COC(=O)Nc2nc1ccc(cc1[nH]2)C(=O)c3ccccc3,295.298,2.972200000000001,84.07999999999998,2,4,3,3,3,22,0.0625,81.99590000000002,-3.88
Chloropham,CC(C)OC(=O)Nc1cccc(Cl)c1,213.66400000000002,3.2969000000000017,38.33,1,2,2,1,1,14,0.3,56.691700000000026,-3.38
RTI 12,CCN2c1nc(Cl)ccc1N(C)C(=O)c3cccnc23 ,288.73800000000006,2.878000000000001,49.330000000000005,0,4,1,2,3,20,0.21428571428571427,78.89750000000004,-4.114
Carbaryl,CNC(=O)Oc1cccc2ccccc12,201.225,2.5580000000000007,38.33,1,2,1,2,2,15,0.08333333333333333,59.03170000000003,-3.224
Ethyne,C#C,26.037999999999997,0.24939999999999998,0.0,0,0,0,0,0,2,0.0,9.89,0.29
"3,5-Dimethylpyridine",Cc1cncc(C)c1,107.15599999999998,1.69844,12.89,0,1,0,1,1,8,0.2857142857142857,33.71099999999999,0.38
"1,4-Cyclohexadiene",C1C=CCC=C1,80.12999999999998,1.8926,0.0,0,0,0,0,1,6,0.3333333333333333,27.51399999999999,-2.06
Mecarbam,CCOC(=O)N(C)C(=O)CSP(=S)(OCC)OCC,329.3800000000001,2.6320000000000006,65.07000000000001,0,7,8,0,0,19,0.8,79.78700000000005,-2.518
1-Phenylethanol,CC(O)c1ccccc1,122.16699999999996,1.7399,20.23,1,1,1,1,1,9,0.25,37.07580000000001,-0.92
"1,2-Dichloropropane",CC(Cl)CCl,112.98700000000001,1.8525,0.0,0,0,1,0,0,5,1.0,26.03499999999999,-1.6
2-Ethyl-2-hexanal,CCCC=C(CC)C=O,126.19899999999998,2.3218000000000005,17.07,0,1,4,0,0,9,0.625,39.346000000000004,-2.46
Disulfoton,CCOP(=S)(OCC)SCCSCC,274.413,3.7702000000000027,18.46,0,5,9,0,0,14,1.0,72.99400000000004,-4.23
methyltestosterone acetate,CC(=O)OC3(C)CCC4C2CCC1=CC(=O)CCC1(C)C2CCC34C ,344.4950000000001,4.840100000000005,43.370000000000005,0,3,1,0,4,25,0.8181818181818182,96.88100000000006,-5.284
"2,4,6-PCB",Clc1ccc(cc1)c2c(Cl)cccc2Cl ,257.547,5.313800000000001,0.0,0,0,1,2,2,15,0.0,66.90800000000003,-6.14
difluron,Fc1cccc(F)c1C(=O)NC(=O)Nc2ccc(Cl)cc2,310.687,3.5801000000000016,58.2,2,2,2,2,2,21,0.0,74.29490000000001,-6.02
Triclosan,Oc1cc(Cl)ccc1Oc2ccc(Cl)cc2Cl,289.54499999999996,5.144700000000002,29.46,1,2,2,2,2,17,0.0,69.65280000000003,-4.46
diisooctyl phthalate,c1(C(=O)OCCCCCC(C)(C))c(C(=O)OCCCCCC(C)(C))cccc1,390.5640000000002,6.433000000000008,52.60000000000001,0,4,14,1,1,28,0.6666666666666666,113.61900000000007,-6.6370000000000005
Corticosterone,CC12CC(O)C3C(CCC4=CC(=O)CCC34C)C2CCC1C(=O)CO,346.46700000000016,2.666700000000002,74.6,2,4,2,0,4,25,0.8095238095238095,93.68260000000004,-3.24
"1,3,5-Trimethylbenzene ",Cc1cc(C)cc(C)c1,120.19499999999998,2.611860000000001,0.0,0,0,0,1,1,9,0.3333333333333333,40.65300000000001,-3.4
dioctyl phthalate,CCCCCCCCOC(=O)c1ccccc1C(=O)OCCCCCCCC ,390.56400000000036,6.721200000000008,52.60000000000001,0,4,16,1,1,28,0.6666666666666666,113.75900000000009,-5.115
1-Pentadecanol,CCCCCCCCCCCCCCCO,228.41999999999993,5.069900000000006,20.23,1,1,13,0,0,16,1.0,72.78080000000006,-6.35
"2,2',6,6'-PCB",Clc1cccc(Cl)c1c2c(Cl)cccc2Cl ,291.99199999999996,5.967200000000002,0.0,0,0,1,2,2,16,0.0,71.918,-7.39
"5,5-Dimethylbarbituric acid",O=C1NC(=O)NC(=O)C1(C)C,156.141,-0.6214000000000004,75.27000000000001,2,3,0,0,1,11,0.5,35.46240000000001,-1.742
2-Iodopropane,CC(C)I,169.993,1.8298,0.0,0,0,0,0,0,4,1.0,29.155999999999988,-2.09
"1,2-Dinitrobenzene",O=N(=O)c1ccccc1N(=O)=O,168.10799999999995,1.503,86.28,0,4,2,1,1,12,0.0,39.75080000000001,-3.1
3-Methyl-2-butanone,CC(C)C(=O)C,86.13399999999999,1.2314,17.07,0,1,1,0,0,6,0.8,25.518999999999988,-0.12
Hexadecane,CCCCCCCCCCCCCCCC,226.44799999999992,6.487600000000007,0.0,0,0,13,0,0,16,1.0,75.98600000000008,-8.4
"1,8-Cineole",CC12CCC(CC1)C(C)(C)O2,154.253,2.7441000000000013,9.23,0,1,0,0,3,11,1.0,45.52700000000002,-1.74
Tricyclazole,Cc2cccc3sc1nncn1c23 ,189.24300000000002,2.25242,30.19,0,3,0,3,3,13,0.1111111111111111,53.10700000000001,-2.07
2-Octanone,CCCCCCC(=O)C,128.21499999999997,2.5458000000000007,17.07,0,1,5,0,0,9,0.875,39.440000000000005,-2.05
Methyl nonanoate,CCCCCCCCC(=O)OC,172.268,2.910000000000001,26.3,0,2,7,0,0,12,0.9,50.009000000000036,-3.38
"1,4-Difluorobenzene",Fc1ccc(F)cc1,114.094,1.9647999999999999,0.0,0,0,0,1,1,8,0.0,26.357999999999997,-1.97
Thalidomide,O=C1N(C2CCC(=O)NC2=O)C(=O)c3ccccc13,258.233,0.08779999999999949,83.55000000000001,1,4,1,1,3,19,0.23076923076923078,63.113700000000016,-2.676
Trifluralin,CCCN(CCC)c1c(cc(cc1N(=O)=O)C(F)(F)F)N(=O)=O,335.28200000000004,4.148200000000004,89.51999999999998,0,5,7,1,1,23,0.5384615384615384,77.54780000000001,-5.68
Ethanol,CCO,46.069,-0.0014000000000000123,20.23,1,1,0,0,0,3,1.0,12.759800000000002,1.1
Cyclopentyl-5-spirobarbituric acid,O=C2NC(=O)C1(CCCC1)C(=O)N2,182.179,-0.08720000000000011,75.27,2,3,0,0,2,13,0.625,42.582400000000014,-2.349
Carbetamide,c1c(NC(=O)OC(C)C(=O)NCC)cccc1,236.271,1.7597,67.42999999999999,2,3,4,1,1,17,0.3333333333333333,64.69140000000003,-1.83
phenothrin,CC(C)=CC3C(C(=O)OCc2cccc(Oc1ccccc1)c2)C3(C)C ,350.4580000000001,5.760500000000005,35.53,0,3,6,2,3,26,0.34782608695652173,102.94600000000005,-5.24
Cycluron,CN(C)C(=O)NC1CCCCCCC1,198.30999999999992,2.3705,32.34,1,1,1,0,1,14,0.9090909090909091,58.32570000000004,-2.218
Mirex,ClC1(C2(Cl)C3(Cl)C4(Cl)C5(Cl)C1(Cl)C3(Cl)Cl)C5(Cl)C(Cl)(Cl)C24Cl,545.5460000000002,6.222999999999999,0.0,0,0,0,0,6,22,1.0,97.54599999999998,-6.8
1-Bromooctane,CCCCCCCCBr,193.128,3.741800000000003,0.0,0,0,6,0,0,9,1.0,47.17000000000003,-5.06
Benomyl,CCCCNC(=O)n1c(NC(=O)OC)nc2ccccc12,290.323,2.572400000000001,85.25,2,4,4,2,2,21,0.35714285714285715,79.46540000000005,-4.883
aminopyrine,CN(C)c2c(C)n(C)n(c1ccccc1)c2=O ,231.299,1.55042,30.17,0,2,2,2,2,17,0.3076923076923077,70.07400000000003,-0.364
3-Pentanol,CCC(O)CC,88.15,1.1673,20.23,1,1,2,0,0,6,1.0,26.58879999999999,-0.24
p-Nitrotoluene,Cc1ccc(cc1)N(=O)=O,137.138,1.90322,43.14,0,2,1,1,1,10,0.14285714285714285,37.83340000000002,-2.49
4-Methylpentanol,CC(C)CCCO,102.17699999999999,1.4149,20.23,1,1,3,0,0,7,1.0,31.15779999999998,-1.14
Norethisterone,CC34CCC1C(CCC2=CC(=O)CCC12O)C3CCC4(O)C#C,314.42500000000007,2.607400000000001,57.53,2,3,0,0,4,23,0.75,87.33560000000003,-4.57
bromopropylate,CC(C)OC(=O)C(O)(c1ccc(Br)cc1)c2ccc(Br)cc2 ,428.12000000000006,4.3991000000000025,46.53,1,3,4,2,2,22,0.23529411764705882,92.51080000000002,-4.93
Pyrazon,Nc2cnn(c1ccccc1)c(=O)c2Cl,221.647,1.4681,60.91,1,3,1,2,2,15,0.0,59.25640000000001,-2.878
2-Methylbutan-2-ol,CCC(C)(C)O,88.14999999999998,1.1673,20.23,1,1,1,0,0,6,1.0,26.58879999999999,0.15
p-Cresol,Cc1ccc(O)cc1,108.13999999999999,1.7006199999999998,20.23,1,1,0,1,1,8,0.14285714285714285,32.843799999999995,-0.73
Ethyl formate,CCOC=O,74.07900000000001,0.17930000000000001,26.3,0,2,2,0,0,5,0.6666666666666666,17.689999999999998,0.15
"N,N-Dimethylaniline",CN(C)c1ccccc1,121.18299999999995,1.7526,3.24,0,1,1,1,1,9,0.25,40.76900000000002,-1.92
Decalin,C1CCC2CCCCC2C1,138.254,3.3668000000000022,0.0,0,0,0,0,2,10,1.0,43.91600000000002,-5.19
Butanethiol ,CCCCS,90.19099999999999,1.7163,0.0,1,1,2,0,0,5,1.0,28.76099999999999,-2.18
Benzo(e)pyrene,c1ccc2c(c1)c3cccc4ccc5cccc2c5c43,252.31599999999997,5.737200000000003,0.0,0,0,0,5,5,20,0.0,87.65200000000004,-7.8
Tetrachloroethylene,ClC(=C(Cl)Cl)Cl,165.834,3.0682,0.0,0,0,0,0,0,6,0.0,30.438000000000002,-2.54
3-Pentanone,CCC(=O)CC,86.134,1.3755,17.07,0,1,2,0,0,6,0.8,25.588999999999988,-0.28
Acrylonitrile,C=CC#N,53.06399999999999,0.6959799999999999,23.79,0,1,0,0,0,4,0.0,15.81,0.15
Flumethasone,CC1CC2C3CC(F)C4=CC(=O)C=CC4(C)C3(F)C(O)CC2(C)C1(O)C(=O)CO,410.4570000000002,1.8436999999999997,94.83,3,5,2,0,4,29,0.7272727272727273,100.22340000000004,-5.6129999999999995
2-Hexanone,CCCCC(=O)C,100.16099999999999,1.7656,17.07,0,1,3,0,0,7,0.8333333333333334,30.20599999999998,-0.8
Terbumeton,CCNc1nc(NC(C)(C)C)nc(OC)n1,225.296,1.5223999999999998,71.96000000000001,2,6,4,1,1,16,0.7,63.918400000000034,-3.239
3-Methylheptane,CCCCC(C)CC,114.23199999999999,3.2227000000000023,0.0,0,0,4,0,0,8,1.0,38.98,-5.16
"1,2-Dibromoethane",BrCCBr,187.862,1.7762,0.0,0,0,1,0,0,4,1.0,27.587999999999994,-1.68
Isoprocarb,CNC(=O)Oc1ccccc1C(C)C,193.24599999999998,2.528200000000001,38.33,1,2,2,1,1,14,0.36363636363636365,55.614700000000035,-2.863
Niridazole,O=C1NCCN1c2ncc(s2)N(=O)=O,214.20600000000002,0.5808999999999999,88.37,1,5,2,1,2,14,0.3333333333333333,49.5131,-3.22
Benzo(a)fluorene,C1c2ccccc2c3ccc4ccccc4c13,216.283,4.411000000000003,0.0,0,0,0,3,4,17,0.058823529411764705,72.19000000000004,-6.68
2-Chloroanisole,COc1ccccc1Cl,142.58499999999998,2.3486000000000002,9.23,0,1,1,1,1,9,0.14285714285714285,38.00400000000001,-2.46
Bromophos,COP(=S)(OC)Oc1cc(Cl)c(Br)cc1Cl,366.0,4.652000000000002,27.69,0,4,4,1,1,16,0.25,73.09300000000002,-6.09
Quinonamid,ClC(Cl)CC(=O)NC2=C(Cl)C(=O)c1ccccc1C2=O,332.57000000000005,2.8260000000000005,63.24,1,3,3,1,2,20,0.15384615384615385,76.23570000000002,-5.03
"P,P'-DDD",ClC(Cl)C(c1ccc(Cl)cc1)c2ccc(Cl)cc2 ,320.04600000000005,5.929000000000003,0.0,0,0,3,2,2,18,0.14285714285714285,80.24100000000003,-7.2
Methyl acrylate,COC(=O)C=C,86.09,0.34539999999999993,26.3,0,2,1,0,0,6,0.25,22.21299999999999,-0.22
Chloroxuron,CN(C)C(=O)Nc2ccc(Oc1ccc(Cl)cc1)cc2,290.75,4.225800000000003,41.57000000000001,1,2,3,2,2,20,0.13333333333333333,80.67370000000004,-4.89
Azobenzene,N(=Nc1ccccc1)c2ccccc2,182.226,4.102000000000002,24.72,0,2,2,2,2,14,0.0,57.06000000000003,-4.45
4-Isopropyltoluene,CC(C)c1ccc(C)cc1,134.22199999999998,3.118420000000002,0.0,0,0,1,1,1,10,0.4,45.26800000000003,-3.77
"2,6-Dichlorophenol",Oc1c(Cl)cccc1Cl,163.003,2.699,20.23,1,1,0,1,1,9,0.0,38.12680000000001,-1.79
Sucrose,OCC2OC(OC1(CO)OC(CO)C(O)C1O)C(O)C(O)C2O ,342.297,-5.395599999999993,189.52999999999997,8,11,5,0,2,23,1.0,68.64140000000003,0.79
d-inositol,OC1C(O)C(O)C(O)C(O)C1O,180.156,-3.8346000000000005,121.38000000000001,6,6,0,0,1,12,1.0,36.040800000000004,0.35
Dyphylline,Cn2c(=O)n(C)c1ncn(CC(O)CO)c1c2=O,254.24599999999995,-2.2130999999999985,102.28,2,5,3,2,2,18,0.5,63.30760000000002,-0.17
Chloramphenicol,OCC(NC(=O)C(Cl)Cl)C(O)c1ccc(cc1)N(=O)=O,323.13200000000006,0.909,112.70000000000002,3,5,6,1,1,20,0.36363636363636365,72.56670000000003,-2.111
3-Ethyl-3-pentanol,CCC(O)(CC)CC,116.204,1.9475,20.23,1,1,3,0,0,8,1.0,35.822799999999994,-0.85
Epitostanol,CC45CCC2C(CCC3CC1SC1CC23C)C4CCC5O,306.51500000000004,4.483900000000005,20.23,1,2,0,0,5,21,1.0,88.28380000000006,-5.41
"1,2-Dibromobenzene",Brc1ccccc1Br,235.90599999999998,3.2116000000000007,0.0,0,0,0,1,1,8,0.0,41.84200000000001,-3.5
"2,4,6-Trichlorophenol",Oc1c(Cl)cc(Cl)cc1Cl,197.44799999999998,3.3523999999999994,20.23,1,1,0,1,1,10,0.0,43.13680000000001,-2.34
oryzalin,CCCN(CCC)c1c(cc(cc1N(=O)=O)S(N)(=O)=O)N(=O)=O,346.3650000000001,1.7768000000000002,149.67999999999998,1,7,8,1,1,23,0.5,83.91900000000003,-5.16
RTI 20,C2c1ccccc1N(CCF)C(=O)c3ccccc23 ,255.29199999999997,3.2071000000000023,20.310000000000002,0,1,2,2,3,19,0.1875,73.34150000000002,-4.7989999999999995
"2,4-Dimethyl-3-pentanone",CC(C)C(=O)C(C)C,114.18799999999997,1.8675,17.07,0,1,2,0,0,8,0.8571428571428571,34.682999999999986,-1.3
5-(3-Methyl-2-butenyl)-5-isoPrbarbital,O=C1NC(=O)NC(=O)C1(C(C)C)CC=C(C)C,238.28699999999998,1.3510999999999993,75.27000000000001,2,3,3,0,1,17,0.5833333333333334,63.00040000000003,-2.593
gentisin,c1c(O)C2C(=O)C3cc(O)ccC3OC2cc1(OC),262.261,1.5528,75.99000000000001,2,5,1,0,3,19,0.35714285714285715,66.30360000000002,-2.943
Caffeine,Cn1cnc2n(C)c(=O)n(C)c(=O)c12,194.19399999999996,-1.0293,61.82,0,3,0,2,2,14,0.375,51.19600000000001,-0.8759999999999999
Spironolactone,CC(=O)SC4CC1=CC(=O)CCC1(C)C5CCC2(C)C(CCC23CCC(=O)O3)C45,416.58300000000025,4.852300000000005,60.44,0,5,1,0,5,29,0.7916666666666666,112.21000000000006,-4.173
"3,4-Dimethylphenol",Cc1ccc(O)cc1C,122.16699999999999,2.0090399999999997,20.23,1,1,0,1,1,9,0.25,37.5808,-1.38
Diphenyl ether ,O(c1ccccc1)c2ccccc2,170.211,3.478900000000002,9.23,0,1,2,2,2,13,0.0,52.95800000000003,-3.96
"2,2',4,4',5,5'-PCB",Clc1cc(Cl)c(cc1Cl)c2cc(Cl)c(Cl)cc2Cl ,360.88200000000006,7.274000000000001,0.0,0,0,1,2,2,18,0.0,81.938,-8.56
nicotinamide,NC(=O)c1cccnc1 ,122.12699999999997,0.18050000000000016,55.980000000000004,1,2,1,1,1,9,0.0,32.7549,0.61
Thiophenol ,Sc1ccccc1,110.18099999999997,1.9752999999999996,0.0,1,1,0,1,1,7,0.0,33.694,-2.12
XMC,CNC(=O)Oc1cc(C)cc(C)c1,179.219,2.02164,38.33,1,2,1,1,1,13,0.3,50.999700000000026,-2.5810000000000004
Chlordane,ClC1CC2C(C1Cl)C3(Cl)C(=C(Cl)C2(Cl)C3(Cl)Cl)Cl,409.7819999999999,5.682800000000001,0.0,0,0,0,0,3,18,0.8,81.21600000000001,-6.86
Dimethyldisulfide,CSSC,94.20400000000001,1.6274,0.0,0,2,1,0,0,4,1.0,27.029999999999994,-1.44
Benzamide,NC(=O)c1ccccc1,121.13899999999995,0.7855000000000001,43.09,1,1,1,1,1,9,0.0,34.95990000000001,-0.96
o-Chlorobromobenzene,Clc1ccccc1Br,191.45499999999998,3.1025,0.0,0,0,0,1,1,8,0.0,39.152000000000015,-3.19
Monotropitoside,COC(=O)c1ccccc1OC2OC(COC3OCC(O)C(O)C3O)C(O)C(O)C2O,446.40500000000003,-2.884799999999998,184.6,6,12,6,1,3,31,0.631578947368421,98.80330000000004,-0.742
3-Heptanol ,CCCCC(O)CC,116.20399999999998,1.9475,20.23,1,1,4,0,0,8,1.0,35.822799999999994,-1.47
RTI 15,CCN2c1nc(C)cc(C)c1NC(=O)c3cccnc23 ,268.32,2.817140000000001,58.120000000000005,1,4,1,2,3,20,0.26666666666666666,78.58120000000002,-4.553999999999999
"3,5-Dichlorophenol",Oc1cc(Cl)cc(Cl)c1,163.003,2.699,20.23,1,1,0,1,1,9,0.0,38.12680000000001,-1.34
1-Methylphenanthrene,Cc1cccc2c1ccc3ccccc32,192.261,4.301420000000003,0.0,0,0,0,3,3,15,0.06666666666666667,66.19100000000003,-5.85
2-Ethyl-1-hexanol,CCCCC(CC)CO,130.231,2.1951000000000005,20.23,1,1,5,0,0,9,1.0,40.3918,-2.11
Diallate,CC(C)N(C(C)C)C(=O)SCC(=CCl)Cl,270.225,4.277400000000004,20.310000000000002,0,2,4,0,0,15,0.7,69.75400000000003,-4.2860000000000005
Toluene ,Cc1ccccc1,92.14099999999999,1.99502,0.0,0,0,0,1,1,7,0.14285714285714285,31.17899999999999,-2.21
Nitrapyrin,Clc1cccc(n1)C(Cl)(Cl)Cl,230.909,3.5617,12.89,0,1,0,1,1,11,0.16666666666666666,48.484000000000016,-3.76
Cycloheptene,C1CCC=CCC1,96.173,2.5067000000000004,0.0,0,0,0,0,1,7,0.7142857142857143,32.22499999999999,-3.18
Thiram,CN(C)C(=S)SSC(=S)N(C)C ,240.44400000000002,2.0608,6.48,0,4,0,0,0,12,0.6666666666666666,67.75200000000002,-3.9
Griseofulvin,COC1=CC(=O)CC(C)C13Oc2c(Cl)c(OC)cc(OC)c2C3=O,352.7700000000001,2.8103000000000007,71.06,0,6,3,1,3,24,0.4117647058823529,86.12550000000006,-3.2460000000000004
1-Decanol,CCCCCCCCCCO,158.285,3.119400000000002,20.23,1,1,8,0,0,11,1.0,49.69580000000003,-3.63
"3,3-Dimethylpentane",CCC(C)(C)CC,100.20499999999998,2.832600000000001,0.0,0,0,2,0,0,7,1.0,34.362999999999985,-4.23
vamidothion,CNC(=O)C(C)SCCSP(=O)(OC)(OC),287.34299999999996,1.9881999999999997,64.63000000000001,1,6,8,0,0,16,0.875,70.06920000000004,1.144
"2,3,4,5-Tetrachlorophenol",Oc1cc(Cl)c(Cl)c(Cl)c1Cl,231.893,4.0058,20.23,1,1,0,1,1,11,0.0,48.146800000000006,-3.15
Butyraldehyde,CCCC=O,72.107,0.9854,17.07,0,1,2,0,0,5,0.75,20.971999999999994,-0.01
dexamethasone acetate,CC4CC3C2CCC1=CC(=O)C=CC1(C)C2(F)C(O)CC3(C)C4(O)C(=O)COC(C)=O ,434.5040000000003,2.466500000000001,100.9,2,6,3,0,4,31,0.7083333333333334,109.49160000000005,-4.9
Butane,CCCC,58.123999999999995,1.8064,0.0,0,0,1,0,0,4,1.0,20.581999999999997,-2.57
o-Methoxyphenol,COc1ccccc1O,124.13899999999997,1.4008,29.46,1,2,1,1,1,9,0.14285714285714285,34.6588,-1.96
Fluoromethalone,CC1CC2C3CCC(O)(C(=O)C)C3(C)CC(O)C2(F)C4(C)C=CC(=O)C=C14,376.46800000000013,2.923300000000001,74.6,2,4,1,0,4,27,0.7272727272727273,98.53260000000004,-4.099
Pentachloroethane,ClC(Cl)C(Cl)(Cl)Cl,202.29500000000002,3.1603000000000003,0.0,0,0,0,0,0,7,1.0,35.784000000000006,-2.6
Diethyl phthalate ,CCOC(=O)c1ccccc1C(=O)OCC,222.23999999999995,2.04,52.60000000000001,0,4,4,1,1,16,0.3333333333333333,58.35500000000003,-2.35
2-Methylpropan-1-ol,CC(C)CO,74.12299999999999,0.6347,20.23,1,1,1,0,0,5,1.0,21.923799999999996,0.1
Isobutylbenzene,CC(C)Cc1ccccc1,134.22199999999998,2.8851000000000013,0.0,0,0,2,1,1,10,0.4,44.98400000000003,-4.12
Diiodomethane,ICI,267.835,1.8139,0.0,0,0,0,0,0,3,1.0,32.907,-2.34
4-Heptanol,CCCC(O)CCC,116.204,1.9475,20.23,1,1,4,0,0,8,1.0,35.822799999999994,-1.4
Pentyl acetate,CCCCCOC(=O)C,130.18699999999998,1.7397,26.3,0,2,4,0,0,9,0.8571428571428571,36.157999999999994,-1.89
"2,3,5,6-Tetrachlorophenol",Oc1c(Cl)c(Cl)cc(Cl)c1Cl,231.893,4.0058,20.23,1,1,0,1,1,11,0.0,48.14680000000001,-3.37
Propylbenzene ,CCCc1ccccc1,120.19499999999995,2.639100000000001,0.0,0,0,2,1,1,9,0.3333333333333333,40.43700000000001,-3.37
"1,2-Dichlorotetrafluoroethane",FC(F)(Cl)C(F)(F)Cl,170.92000000000002,2.6495999999999995,0.0,0,0,1,0,0,8,1.0,21.6,-2.74
2-butenal,CC=CC=O,70.09100000000001,0.7614000000000001,17.07,0,1,1,0,0,5,0.25,20.877999999999993,0.32
tetramethylurea,CN(C)C(=O)N(C)C ,116.16399999999999,0.22960000000000003,23.550000000000004,0,1,0,0,0,8,0.8,32.76999999999998,0.94
"1,2,4,5-Tetramethylbenzene",Cc1cc(C)c(C)cc1C,134.22199999999998,2.9202800000000018,0.0,0,0,0,1,1,10,0.4,45.39000000000002,-4.59
norethindrone acetate,CC(=O)OC3(CCC4C2CCC1=CC(=O)CCC1C2CCC34C)C#C,340.4630000000001,4.0633000000000035,43.370000000000005,0,3,1,0,4,25,0.7272727272727273,95.42300000000006,-4.8
Ditalimfos,CCOP(=S)(OCC)N2C(=O)c1ccccc1C2=O,299.28800000000007,2.5801000000000007,55.84,0,5,5,1,2,19,0.3333333333333333,74.47900000000003,-3.35
salicylanilide,c1ccccc1NC(=O)c2c(O)cccc2,213.23600000000002,2.6445,49.33,2,2,2,2,2,16,0.0,62.502000000000024,-3.59
Sulfallate,CCN(CC)C(=S)SCC(Cl)=C,223.79399999999998,3.0988000000000016,3.24,0,2,4,0,0,12,0.625,62.97000000000003,-3.39
Chloroethane,ClCC,64.515,1.2451,0.0,0,0,0,0,0,3,1.0,16.394000000000002,-1.06
Mefluidide,CC(=O)Nc1cc(NS(=O)(=O)C(F)(F)F)c(C)cc1C,310.297,2.52334,75.27000000000001,2,3,3,1,1,20,0.36363636363636365,68.81720000000001,-3.24
Piperine,O=C(C=CC=Cc2ccc1OCOc1c2)N3CCCCC3,285.343,2.997200000000001,38.77,0,3,3,1,3,21,0.35294117647058826,81.17000000000004,-3.46
cis-2-Pentene,CC/C=C\C,70.135,1.9725,0.0,0,0,1,0,0,5,0.6,25.10499999999999,-2.54
thiofanox,CNC(=O)ON=C(CSC)C(C)(C)C ,218.32199999999997,2.1075,50.69,1,4,3,0,0,14,0.7777777777777778,60.812700000000035,-1.62
Cyclooctyl-5-spirobarbituric acid,O=C2NC(=O)C1(CCCCCCC1)C(=O)N2,224.25999999999996,1.0831,75.27,2,3,0,0,2,16,0.7272727272727273,56.43340000000003,-2.982
butacarb,c1(C(C)(C)C)cc(C(C)(C)C)cc(OC(=O)NC)c1,263.381,3.999800000000003,38.33,1,2,1,1,1,19,0.5625,78.92570000000006,-4.24
Eriodictyol,Oc2cc(O)c1C(=O)CC(Oc1c2)c3ccc(O)c(O)c3,288.255,2.2155000000000005,107.22000000000001,4,6,1,2,3,21,0.13333333333333333,71.85970000000002,-3.62
Benzophenone,O=C(c1ccccc1)c2ccccc2,182.222,2.917600000000001,17.07,0,1,2,2,2,14,0.0,56.316500000000026,-3.12
Eicosane,CCCCCCCCCCCCCCCCCCCC,282.5559999999999,8.048000000000007,0.0,0,0,17,0,0,20,1.0,94.4540000000001,-8.172
hydrazobenzene,N(Nc1ccccc1)c2ccccc2 ,184.242,3.1256000000000013,24.06,2,2,3,2,2,14,0.0,60.129400000000025,-2.92
2-Ethyl-1-butanol,CCC(CC)CO,102.17699999999999,1.4149,20.23,1,1,3,0,0,7,1.0,31.15779999999998,-1.17
4-hydroxypyridine,Oc1ccncc1,95.10099999999998,0.7871999999999999,33.120000000000005,1,2,0,1,1,7,0.0,25.901799999999994,1.02
"cis 1,2-Dichloroethylene",Cl\C=C/Cl,96.94400000000002,1.9352,0.0,0,0,0,0,0,4,0.0,20.845999999999997,-1.3
Methylcyclopentane,CC1CCCC1,84.162,2.1965000000000003,0.0,0,0,0,0,1,6,1.0,27.631999999999984,-3.3
4-Methyl-2-pentanol,CC(C)CC(C)O,102.17699999999998,1.4133,20.23,1,1,2,0,0,7,1.0,31.135799999999982,-0.8
RTI 11,O2c1ccc(N)cc1N(C)C(=O)c3cc(C)ccc23 ,254.28900000000002,2.9595200000000013,55.56,1,3,0,2,3,19,0.13333333333333333,74.84090000000003,-3.928
"2,2-Dimethylpropanol",CC(C)(C)CO,88.14999999999999,1.0248,20.23,1,1,0,0,0,6,1.0,26.54079999999999,-0.4
Triadimefon,CC(C)(C)C(=O)C(Oc1ccc(Cl)cc1)n2cncn2,293.754,3.1243000000000016,57.010000000000005,0,4,4,2,2,20,0.35714285714285715,75.60100000000003,-3.61
Isocarboxazid,Cc1cc(no1)C(=O)NNCc2ccccc2,231.25500000000002,1.41762,67.16,2,4,4,2,2,17,0.16666666666666666,61.98790000000003,-2.461
Propylene,CC=C,42.080999999999996,1.1923000000000001,0.0,0,0,0,0,0,3,0.3333333333333333,15.871000000000002,-1.08
Dichlorophen,Oc1ccc(Cl)cc1Cc2cc(Cl)ccc2O,269.127,3.9954000000000023,40.46,2,2,2,2,2,17,0.07692307692307693,69.03960000000002,-3.953
Desmedipham,CCOC(=O)Nc2cccc(OC(=O)Nc1ccccc1)c2 ,300.314,3.8659000000000017,76.66,2,4,4,2,2,22,0.125,83.17540000000004,-4.632
Anthraquinone,O=C1c2ccccc2C(=O)c3ccccc13,208.21599999999998,2.4620000000000006,34.14,0,2,0,2,3,16,0.0,59.749000000000024,-5.19
2-Octanol,CCCCCCC(C)O,130.231,2.3376000000000006,20.23,1,1,5,0,0,9,1.0,40.439800000000005,-2.09
Oxycarboxin,CC1=C(C(=O)Nc2ccccc2)S(=O)(=O)CCO1,267.306,1.3016,72.47,1,4,2,1,2,18,0.25,67.51050000000004,-2.281
Butylbenzene,CCCCc1ccccc1,134.22199999999998,3.0292000000000012,0.0,0,0,3,1,1,10,0.4,45.05400000000003,-4.06
parabanic acid,O=C1NC(=O)C(=O)N1 ,114.05999999999999,-1.6476000000000002,75.27,2,3,0,0,1,8,0.0,21.681400000000004,-0.4
Abate,COP(=S)(OC)Oc1ccc(Sc2ccc(OP(=S)(OC)OC)cc2)cc1,466.47900000000016,5.630000000000004,55.38000000000001,0,9,10,2,2,27,0.25,114.86900000000001,-6.237
Chlorthalidone,NS(=O)(=O)c1cc(ccc1Cl)C2(O)NC(=O)c3ccccc23,338.7720000000001,0.9242000000000007,109.49000000000001,3,4,2,2,3,22,0.07142857142857142,79.7322,-3.451
Isobutyl acetate,CC(C)COC(=O)C,116.15999999999998,1.2055,26.3,0,2,2,0,0,8,0.8333333333333334,31.470999999999982,-1.21
"2,2,3-Trimethylbutane",CC(C)C(C)(C)C,100.20499999999998,2.6885000000000012,0.0,0,0,0,0,0,7,1.0,34.292999999999985,-4.36
"2,3,3',4,4'6-PCB",Clc1ccc(c(Cl)c1Cl)c2c(Cl)cc(Cl)c(Cl)c2Cl ,395.3270000000001,7.9274000000000004,0.0,0,0,1,2,2,19,0.0,86.94800000000001,-7.66
Phthalonitrile,N#Cc1ccccc1C#N,128.13399999999996,1.4299600000000001,47.58,0,2,0,1,1,10,0.0,35.872000000000014,-2.38
m-Nitrotoluene,Cc1cccc(c1)N(=O)=O,137.138,1.90322,43.14,0,2,1,1,1,10,0.14285714285714285,37.83340000000001,-2.44
halothane,FC(F)(F)C(Cl)Br ,197.381,2.5084999999999997,0.0,0,0,0,0,0,7,1.0,24.622999999999998,-1.71
Oxamyl,CNC(=O)ON=C(SC)C(=O)N(C)C,219.266,0.10709999999999997,70.99999999999999,1,5,1,0,0,14,0.5714285714285714,55.18470000000002,0.106
Thiometon,CCSCCSP(=S)(OC)OC,246.35899999999998,2.990000000000001,18.46,0,5,7,0,0,12,1.0,63.76000000000004,-3.091
2-Methylbutane,CCC(C)C,72.151,2.0524,0.0,0,0,1,0,0,5,1.0,25.12899999999999,-3.18
Stirofos,COP(=O)(OC)OC(=CCl)c1cc(Cl)c(Cl)cc1Cl,365.96400000000006,5.6015000000000015,44.760000000000005,0,4,5,1,1,19,0.2,78.01150000000003,-4.522
